"run","temp","temp2","prec","prec2"
0,0.0127177399158706,-0.000487076480603443,1.44004792703188e-05,-4.73187402520894e-09
1,0.0129901186375558,-0.000566786140338485,1.31812374260067e-05,-3.0944412264091e-09
2,0.00921723160180079,-0.000444047450276867,2.6695592460998e-06,-1.77651009393687e-09
3,0.0184488214820732,-0.000611592572640893,1.69364895707829e-05,-4.61234861720577e-09
4,0.0116921068845888,-0.000472128696139933,2.55111157504183e-05,-9.46517928753493e-09
5,0.0146237709106284,-0.000562964474225946,-6.25665858671018e-07,-2.10435734350254e-09
6,0.0152872532019934,-0.000627329758403195,2.52228434081018e-05,-8.7189015254467e-09
7,0.0158065936128704,-0.000542550640366512,3.1870315054318e-05,-8.55402561728298e-09
8,0.0134546452872285,-0.000475514588752498,-1.84339972230215e-06,-1.87190911857802e-09
9,0.00897844605147164,-0.000404529121464336,3.01884896251024e-05,-9.06204100317307e-09
10,0.00975216235916977,-0.00046652732959913,2.79180383969731e-05,-7.81430153399733e-09
11,0.0143415022360233,-0.000532946983969134,1.07688623112038e-05,-3.31627406004136e-09
12,0.0145395641130787,-0.000470742820382158,1.0417894748375e-05,-3.59264958009606e-09
13,0.00604881836399341,-0.000397956423765372,4.38497320945267e-06,-3.15058517283701e-09
14,0.0119278718474505,-0.000446806952156848,4.97228080153435e-06,-1.96972852130443e-09
15,0.0122812734587634,-0.000395963130619091,-4.07061939898958e-07,-1.12409124040586e-09
16,0.017968238847116,-0.000696666955775564,6.89920331211484e-06,-3.14433221239e-09
17,0.00969283442677413,-0.000384958949506576,9.8914137311138e-06,-5.16776866062251e-09
18,0.010913000289488,-0.000425020036462554,8.78676528813653e-06,-3.56416933604738e-09
19,0.0161387590729976,-0.000592873227604537,1.69607686714616e-05,-6.88407836701837e-09
20,0.00417321819564027,-0.000158517611782344,6.32789935379084e-06,-3.44713134732916e-09
21,0.0128820065629948,-0.000530064547576218,9.83152996275642e-06,-3.75816016345846e-09
22,0.0137799177987784,-0.000483611599424368,1.27156648865721e-05,-3.97970242968366e-09
23,0.0139730431095469,-0.000538936174950086,1.47173236378139e-05,-5.45108494912832e-09
24,0.0154188538286037,-0.000463293124979851,4.76468178573047e-06,-1.4544928946391e-09
25,0.0107247815797481,-0.000425648795965486,1.71951969242725e-05,-4.73549987964285e-09
26,0.0155343919562551,-0.000521627542892815,5.26100011607771e-06,-2.04841578385934e-09
27,0.0111492547249126,-0.000413071648098603,1.33671950127272e-05,-5.01744000921706e-09
28,0.0140579385345813,-0.000550470748855183,1.17475132197124e-05,-5.17175631363978e-09
29,0.00938686537258673,-0.000258289230514762,2.60329503934123e-05,-8.90538524407557e-09
30,0.0125524133292967,-0.000560422516004221,1.67510034073478e-05,-5.2682288637856e-09
31,0.00805561284455632,-0.000396065426985909,2.0368112212126e-05,-5.98346275261434e-09
32,0.00831404085774245,-0.00043420030572573,2.59872252028698e-05,-7.02086673351858e-09
33,0.014064961491699,-0.000487968788495368,1.36390963171085e-06,-1.52811388359091e-09
34,0.0109160086318031,-0.000519612770680024,2.42353520484795e-05,-6.56879335836927e-09
35,0.00165376671284346,-0.00021274295641059,3.62984059174497e-05,-1.15275569522597e-08
36,0.0121553533363538,-0.000495862675965599,1.46932736504462e-05,-5.56852256350833e-09
37,0.0129088986797046,-0.00043974786785017,1.50626047262414e-05,-5.3437977500745e-09
38,0.0126505187576966,-0.000415099887383844,1.12984213504551e-05,-4.36055073404407e-09
39,0.00735319688494622,-0.000436100656098047,1.36898457134835e-05,-4.00851559798267e-09
40,0.011153630253737,-0.000495793533169906,1.56914478088216e-05,-5.9904263934473e-09
41,0.022854563596049,-0.000896826318078155,1.52303120468932e-05,-3.4352086876859e-09
42,0.0107842253134012,-0.00047372750752758,9.57982713925108e-06,-1.81375483392755e-09
43,0.012466488822273,-0.000419954561438527,8.85049993673896e-06,-3.87378498714602e-09
44,0.00852456736486781,-0.000290395777920245,2.24059788791191e-05,-6.48701899489984e-09
45,0.0109639765633682,-0.000494794579643849,1.78904281534546e-05,-5.36561573851235e-09
46,0.0174088529757571,-0.000596224452194685,1.20172440323339e-06,-2.295635208973e-09
47,0.0141643718944572,-0.000592111272127971,3.44139961577559e-07,-4.72754656229929e-10
48,0.00790439509693173,-0.000293388165871744,5.25454114060197e-05,-1.20347768465881e-08
49,0.00877945328084799,-0.000427313602134387,1.24171913480506e-05,-2.76390290531571e-09
50,0.00572527787449262,-0.000367439447786677,6.21910900190145e-06,-3.33996659252025e-09
51,0.00639962950188772,-0.000430795970398922,1.14023383195403e-05,-4.75125582380721e-09
52,0.0141242141855586,-0.000609923219424641,2.85284837453091e-05,-6.98712639730185e-09
53,0.012505002970886,-0.000418078298192049,1.30876008315302e-05,-5.50108242240275e-09
54,0.0135401145310602,-0.000528745813885533,1.27243305261502e-05,-3.6023701093538e-09
55,0.0219500160220554,-0.00075292751302344,1.16000864060355e-05,-4.19326160080125e-09
56,0.0149637765232094,-0.000543355784329708,4.17502763270401e-06,-3.04598949842983e-09
57,0.0205807547356705,-0.000546443523795559,2.18105404441144e-05,-7.43237586485465e-09
58,0.0178274931674537,-0.000587299262094491,6.16910000412067e-06,-4.50940149631019e-09
59,0.0110082659872819,-0.00053956408714879,3.28092806001838e-05,-8.23965991482059e-09
60,0.0105768861132459,-0.00047045023759509,2.24597544749073e-05,-4.58049196363164e-09
61,0.0117026437278502,-0.000543801111877494,2.77773157631599e-05,-9.15975649600057e-09
62,0.0137984241770929,-0.000578097849060842,7.26999789328501e-06,-1.59032601913056e-09
63,0.0140381681418201,-0.000454322563044605,1.63429798857835e-05,-6.60895924584519e-09
64,0.0115701308892889,-0.000432316824760765,1.64229846743467e-05,-4.61460726336063e-09
65,0.00796250470087177,-0.000303124366702581,1.29553811253986e-05,-5.07880407497292e-09
66,0.0168690330251441,-0.000553408670528163,5.97427289869403e-06,-2.38234144977966e-09
67,0.011654799751341,-0.000509617961705289,1.53077786105649e-05,-6.05789251317826e-09
68,0.00529829446709077,-0.00028126351392618,1.53043509379218e-05,-4.44353755208728e-09
69,0.00438058104940674,-0.000225112612634444,2.48581985817397e-05,-8.17957608997961e-09
70,0.0132680891009519,-0.000525088796880846,1.70565206750869e-05,-5.81530109472863e-09
71,0.0141096153280585,-0.000541738108391415,2.35203129722859e-05,-6.19042664853523e-09
72,0.0123579104655302,-0.000513724494105524,3.58916792293698e-05,-9.15529610295117e-09
73,0.0117371748960323,-0.000458970845932348,1.56051507153863e-05,-3.93165796666707e-09
74,0.0120942067348567,-0.000581623581338714,-3.56329070437579e-06,-1.85950949476878e-09
75,0.0108648215553387,-0.000413782078532784,1.33251907354415e-05,-3.14060362416956e-09
76,0.0117634639514788,-0.000362928005686263,2.95795911999799e-05,-8.04456216104629e-09
77,0.0056686225640135,-0.000322238224776973,1.27213287407584e-05,-4.49660896831374e-09
78,0.00937053866210524,-0.000404553186927655,1.42632270828187e-05,-4.55414404365881e-09
79,0.0174637631697069,-0.000564514111677208,1.3360291116406e-05,-5.42332312115985e-09
80,0.00990343598132715,-0.000444390183434376,2.00652968108582e-05,-6.57764663509607e-09
81,0.0171672959072895,-0.000499041442428121,1.70801432841031e-05,-4.99916263696043e-09
82,0.012451967074882,-0.000613268050434256,2.32015819307423e-05,-5.80638791711346e-09
83,0.0139713361585555,-0.000532021361581641,1.58011471442559e-05,-5.58531855508651e-09
84,0.0087468786046722,-0.000321028104659639,2.22709479748993e-06,-1.37677497880877e-09
85,0.0102327458253687,-0.00041520882534017,1.39007523106075e-05,-5.2836560398446e-09
86,0.00431638299854351,-0.000300374380849791,1.05452428736615e-05,-4.00538780852998e-09
87,0.0165220656222768,-0.000666131464881374,2.08052334533261e-05,-7.66554573809896e-09
88,0.0150028909069975,-0.000622022205613208,1.34206685827196e-05,-2.81257775621937e-09
89,0.014489678332148,-0.000571800958852433,2.11941143377147e-05,-6.09757308000935e-09
90,0.014751193137692,-0.00057403704891719,4.85177855004801e-05,-1.49945089537751e-08
91,0.0193627257053155,-0.000728739468919235,1.06724518654334e-05,-3.05585119477823e-09
92,0.0191777095960906,-0.000716582351619524,1.19247957853469e-05,-3.78189882415619e-09
93,0.0116027202907976,-0.000450116919906754,1.48999823878003e-05,-4.72936537805252e-09
94,0.0129886106812177,-0.000511080781090532,2.2643171900411e-05,-4.48630306923522e-09
95,0.011435635716974,-0.000491377536272314,1.70673561844819e-05,-4.06586192386321e-09
96,0.0186707483627981,-0.000721219512181802,2.40924234703573e-05,-7.26750037208629e-09
97,0.00337032126034501,-0.000142712531722036,1.58786108550634e-05,-3.01523999993808e-09
98,0.015627888545643,-0.000580390942788126,2.86536297794846e-05,-7.10169833779293e-09
99,0.00887971569688295,-0.00032119144159884,2.56022451602424e-05,-6.52410792772481e-09
100,0.0113856737867498,-0.000360092679999266,2.54770356510159e-05,-9.29598801629924e-09
101,0.0173859924871642,-0.000530128906065831,2.86152363166994e-05,-9.50267620913966e-09
102,0.0111214860846646,-0.000367132443917505,6.56749528045866e-06,-3.04210932659858e-09
103,0.0145368301247173,-0.00049038046915658,1.34697308016459e-05,-6.03091024812764e-09
104,0.00951244449164003,-0.000411834243738935,1.0435636920618e-05,-3.77787676835642e-09
105,0.00759958137656211,-0.000349182698922397,2.14758018407655e-05,-6.86485918004181e-09
106,0.0122453895302768,-0.000497242702048611,6.23091403092679e-06,-3.41223095565453e-09
107,0.0183465291159386,-0.000635173676859566,2.09272389786918e-06,-1.47778649961967e-09
108,0.00752188060185086,-0.000286779761197882,1.79663354539064e-05,-5.83261743222968e-09
109,0.0136856252794504,-0.000521333247900563,6.82862169593447e-06,-2.99081467820454e-09
110,0.0129627989791618,-0.000584186804442742,1.05046584142885e-05,-1.96625175503381e-09
111,0.00777156234511092,-0.000372027871236024,2.38620219167642e-05,-4.82579598440538e-09
112,0.0148411779951419,-0.000592894625859179,1.10725496426185e-05,-4.08860060501111e-09
113,0.0162710869464567,-0.000664350002315198,2.34727153101516e-06,-1.35181905332046e-09
114,0.00956032974749807,-0.000364954525181079,7.26321779916953e-06,-3.36477431107564e-09
115,0.00941032527930569,-0.000457183924612282,4.66355617639068e-06,-3.16804594243654e-09
116,0.015316786902252,-0.00054202053265805,2.61988432206556e-05,-6.68970568631648e-09
117,0.0149576643162187,-0.000509119176844703,9.96633024219957e-06,-4.48149017541435e-09
118,0.0163753972055422,-0.000484958130747101,2.2947160529293e-05,-6.46024801935824e-09
119,0.0175642197920463,-0.000633669818262163,1.23018005515277e-05,-3.68451466074997e-09
120,0.0132160504814254,-0.000454030623734276,1.92205388204615e-05,-4.46098859133728e-09
121,0.0109350293575797,-0.000392701747087694,1.06155183910858e-05,-3.398327086896e-09
122,0.0114277898776576,-0.000514713867519278,9.53545192400763e-06,-1.37393555341395e-09
123,0.0058347994757135,-0.000308987325422729,2.99528131808704e-05,-7.05559186020503e-09
124,0.0102103149368072,-0.0004098153576489,1.15798102324639e-05,-3.13912695080274e-09
125,0.0118480617761889,-0.000467483963262872,4.69828480636691e-06,-3.18818906938977e-09
126,0.0106138376392044,-0.000447378240012939,2.31449208251981e-05,-7.3073630365211e-09
127,0.0142622287359475,-0.000552745383827007,1.3103989436382e-05,-6.16138320807986e-09
128,0.0116225567447368,-0.000335564422988765,1.25678772132381e-05,-6.03578751957161e-09
129,0.018455743825084,-0.000595385804807823,1.89017066754186e-05,-6.84795149095943e-09
130,0.0119033070094821,-0.000540705435613636,1.52293652703521e-05,-1.95098724221655e-09
131,0.0162009948886486,-0.000580453603315191,2.59593423061757e-05,-5.79779701423327e-09
132,0.0128445167779175,-0.000452143422745578,7.66643985481023e-06,-4.72343805522131e-09
133,0.0160119629361483,-0.000496930346558114,1.24771023445707e-05,-5.33573389327165e-09
134,0.0148972375971511,-0.000534158774537005,3.21793016289683e-05,-8.60577472558284e-09
135,0.0120205587287821,-0.000548529492581199,2.74877109750154e-05,-6.7345681079664e-09
136,0.0107213334755702,-0.000528098860305905,2.00840273402645e-05,-4.5442886526946e-09
137,0.0142626327072938,-0.000649423871542963,2.98358400989883e-05,-5.72804630019051e-09
138,0.0122773628370903,-0.00052066929319084,2.11156725197562e-05,-4.10570253855293e-09
139,0.0156503583776635,-0.000493121662264306,1.98533277169127e-05,-7.18362405261866e-09
140,0.0124345292380482,-0.000387384426722617,1.43704398895094e-05,-7.1458185063798e-09
141,0.00953164738395236,-0.000270349596636781,1.5782983717897e-05,-5.12462119969346e-09
142,0.00721505272870985,-0.000420783714012308,3.97581098224207e-06,-1.89118798626072e-10
143,0.0125181692961183,-0.000417635532438411,2.39463974773346e-05,-6.79721040121858e-09
144,0.0108503123077643,-0.000438232276427512,1.24405157280026e-05,-4.02607360577865e-09
145,0.019569020419509,-0.000651455301369122,9.26320425269757e-06,-3.83367595128384e-09
146,0.0129483605682012,-0.000442796388156678,2.5765072920479e-05,-7.76625714902401e-09
147,0.0129441763345004,-0.000457834902352087,4.54228622987482e-06,-3.795200446627e-09
148,0.0161738143060254,-0.000580545235400653,1.76602920327881e-05,-6.2915718824313e-09
149,0.018002175750618,-0.000761040282627558,6.43194667470061e-06,-2.43901854112932e-09
150,0.0152437356897614,-0.000616065368488623,1.01346957653604e-05,-4.22672661951504e-09
151,0.0176644789319078,-0.000571850320207001,-1.85991965987768e-06,-1.84322298461282e-09
152,0.0121641264006436,-0.000521671328951028,6.03568649193804e-06,-2.49849218730279e-09
153,0.0130050711534225,-0.000507812587672938,1.07535678884888e-05,-3.51594462694277e-09
154,0.00367493570299412,-0.000268789008907826,2.43907190751399e-05,-6.11302167145901e-09
155,0.0111959960153465,-0.00038319329302171,6.34875819087326e-06,-3.32292744338963e-09
156,0.00834954199529212,-0.000309734021281495,1.76970330000475e-05,-4.95086811708104e-09
157,0.00458932347496436,-0.000216577697889699,2.33682353468801e-05,-5.7721367802404e-09
158,0.00726141279513973,-0.000310155748649772,6.91494864439703e-06,-2.10945950404561e-09
159,0.0148734777156419,-0.000478631099740195,7.9809941975532e-06,-1.91865053143398e-09
160,0.0115841876805316,-0.00047156902644364,1.7570201195278e-05,-4.68182814992522e-09
161,0.0138373603754031,-0.000548073871519791,3.53285887895901e-06,-4.41531039430719e-09
162,0.0106224708289931,-0.00032973178409043,2.06723422000764e-05,-6.93438289340355e-09
163,0.00909768060867752,-0.000469024617120639,1.10723959031187e-05,-3.16679858999603e-09
164,0.0102382521936787,-0.000382222864493085,2.29973002658484e-05,-8.22746905240771e-09
165,0.017008838464853,-0.000671929250772477,7.82494105164018e-06,-2.77012872535116e-09
166,0.0230674431151913,-0.000767532220888302,2.08280767820877e-05,-5.66534711160446e-09
167,0.00846926110587121,-0.000427585191668228,1.71262081201595e-05,-4.97601885026866e-09
168,0.0140320703007963,-0.00057249812503806,1.82596054142305e-05,-7.66392335573533e-09
169,0.0116490625129871,-0.000505056179815001,1.41467919654105e-05,-5.90611138292201e-09
170,0.00871795024405363,-0.000401043874223088,2.29684065308349e-05,-5.61789429137034e-09
171,0.0104917539117435,-0.000456991860035148,8.66991119991234e-06,-4.6001996829976e-09
172,0.00882863781380618,-0.000390077469562843,2.42759174259407e-05,-7.47369919740613e-09
173,0.01738278102933,-0.000544366648618604,3.38677378409717e-05,-8.46967472824153e-09
174,0.0170203806887628,-0.000613050032216861,-5.68606931703813e-06,-8.4277072442142e-10
175,0.00309278534415261,-0.000230534847543861,2.73188191921665e-05,-6.8279821685256e-09
176,0.0165284273302067,-0.000503808244779178,1.04385048951866e-05,-4.21253512622117e-09
177,0.0118171717215363,-0.000561606516608504,1.05880242056391e-05,-5.06585107395973e-09
178,0.00232606517631197,-0.000272429629941328,2.79935656953216e-05,-7.02366263480666e-09
179,0.0121710823989351,-0.000498758560110108,2.53546427083152e-05,-6.81432104121002e-09
180,0.016552353888757,-0.000602270833850887,2.3716197580639e-05,-6.06593462066213e-09
181,0.0124033442454001,-0.000373209456404784,3.42036646599449e-06,-1.6753407438761e-09
182,0.0158790537615567,-0.000506470117584955,7.65459802391106e-06,-2.75816253790877e-09
183,0.0133473246303704,-0.000421267229688686,5.64067996250892e-06,-2.78126075969001e-09
184,0.0102195499976686,-0.000466283677969989,9.40350707861274e-06,-4.02657080346933e-09
185,0.013930455688786,-0.000461494160469351,1.26698292904128e-05,-5.58703498666509e-09
186,0.0176231647744531,-0.000591563209431215,2.56943154066669e-06,-2.37324704827186e-09
187,0.0189926586772117,-0.000690447784691474,1.41558656468075e-06,-2.01332110343119e-09
188,0.0107454210331836,-0.000356164996266856,2.2447061829337e-05,-7.49214466468703e-09
189,0.00666147405802761,-0.000299141865518769,3.05632931431399e-05,-8.51192424574974e-09
190,0.0140224740975096,-0.000524664494107423,2.15472484118289e-05,-5.12759629242344e-09
191,0.0111949104789767,-0.000405269719176922,1.61902662500424e-05,-5.47972913398067e-09
192,0.00965172662410032,-0.000391428821688568,1.4878442374287e-05,-4.75120069979663e-09
193,0.0141187847032762,-0.000524779847017779,2.39119876335798e-05,-6.71668804199625e-09
194,0.0159084587009126,-0.000546380688570449,1.60905154160653e-05,-4.50240876397426e-09
195,0.0196790572415235,-0.000654100978266809,3.71128971491962e-06,-3.58020271077255e-09
196,0.0143371988303323,-0.00048503476641712,8.26225139977728e-06,-3.63913034762481e-09
197,0.0147376144362077,-0.000594234499918719,6.37711095889889e-06,-2.01876010584498e-09
198,0.0122652129852919,-0.000375081120270964,1.54355141925981e-05,-4.36535350429021e-09
199,0.01770422178517,-0.000540659862701714,3.04300091402327e-06,-2.32329024335276e-09
200,0.0131235004192155,-0.000548886117100856,3.39282272368465e-06,-3.65155931089587e-09
201,0.00995477932685834,-0.000323002826384197,2.0161609868955e-05,-6.69956479462699e-09
202,0.0122823053151708,-0.000459481289163243,8.41476710739618e-06,-2.99153335877847e-09
203,0.0103504703013978,-0.000512858018276982,1.25000325769299e-06,-1.24890777619112e-09
204,0.012083929933808,-0.000477967549559772,9.65877219371185e-06,-3.67777331505024e-09
205,0.0208072708582267,-0.000602968567683313,2.35375565353362e-06,-1.65434784826745e-09
206,0.013960532815176,-0.000523224229185644,1.63140183403559e-06,-3.14656517123679e-09
207,0.0132222305017829,-0.00052003860229007,2.52200214757718e-05,-7.79736519259566e-09
208,0.0149936395233356,-0.000517914602963642,9.80689698014822e-06,-3.30565254692506e-09
209,0.0113222377760941,-0.00044640644452942,5.55690829654022e-06,-2.28634949539553e-09
210,0.0161095427292169,-0.000582384642990189,4.3873798146199e-06,-2.77167463301345e-09
211,0.0173182783599545,-0.000648430223131261,1.19959761482433e-05,-3.31177348371597e-09
212,0.0186205010732551,-0.00065435197363532,-6.76649476509078e-07,-1.77679639154012e-09
213,0.0169492901647815,-0.000714591296007566,1.40067450038227e-05,-4.93253589938343e-09
214,0.0118861585509853,-0.000490092539482978,4.74824615079951e-06,-2.76668187109675e-09
215,0.0133400457700291,-0.000501722597399378,1.37870167062608e-05,-5.23307155798401e-09
216,0.00845407536480819,-0.000382424332072165,2.0702912013949e-05,-7.45651562366579e-09
217,0.0119045732394606,-0.000498059468563163,3.5986597853193e-05,-9.02060079535461e-09
218,0.0112645340412717,-0.000404832700479522,6.72151176142653e-06,-3.53772757568539e-09
219,0.0145254795480134,-0.000558107501506242,1.24565940365528e-05,-3.15746590890482e-09
220,0.0124369025269875,-0.000525425382280934,5.17209474238731e-06,-3.79730166107946e-09
221,0.0179959198781792,-0.000571714214959697,-1.07769210739003e-05,1.88643069930337e-10
222,0.0139385405423584,-0.000455171720814992,-6.89643734609796e-06,-1.34313493641418e-09
223,0.0103259295600247,-0.000437966572425729,7.10180920681431e-06,-2.79441783339277e-09
224,0.0144698719290669,-0.000547035071949923,1.55817970525861e-05,-4.16564014726894e-09
225,0.016690932232188,-0.000775971417950479,2.24929619533248e-05,-5.25426416153472e-09
226,0.0142521593394814,-0.000449602972254778,5.18475118183518e-06,-4.50243212963096e-09
227,0.0078670296236233,-0.000294915215936499,2.64030294502195e-05,-6.4887634212491e-09
228,0.00598992706474487,-0.000364810124928137,1.82659142966548e-05,-3.53467932841471e-09
229,0.016736643387401,-0.000643098933020524,2.15744071640985e-05,-7.47607125621174e-09
230,0.0193326693371012,-0.000657847385979761,8.37904904560754e-07,-4.32687807080013e-09
231,0.0115747505370815,-0.000611574537148009,3.56460389086217e-05,-9.64811566755955e-09
232,0.0135220352182605,-0.000504693992564043,2.01536121447057e-05,-4.81896614836253e-09
233,0.0149084548287513,-0.00050244754387419,9.84356264644961e-06,-2.82171816472895e-09
234,0.0135980637332662,-0.000581832808024238,9.0128709831358e-06,-3.13494334132989e-09
235,0.0146144601986044,-0.000531334268611871,2.41702033288757e-05,-6.41189748324589e-09
236,0.00820305150503269,-0.000471096163705949,8.90966953695448e-06,-2.76344019044902e-09
237,0.0132557498773897,-0.000457884212984761,5.12169315819033e-06,-3.2657279119275e-09
238,0.0194826043768798,-0.000672527104106455,1.85094344380716e-05,-4.52072353203471e-09
239,0.0146408357099868,-0.000663154644190225,1.47158495006971e-05,-6.95017514553461e-09
240,0.00471136079154067,-0.000313461902781604,3.4026294782667e-06,-3.5662655357213e-09
241,0.00959738866583155,-0.000384624683346634,3.23674349537437e-05,-1.11192189479742e-08
242,0.00848196270335046,-0.000405248541419592,2.04630110567462e-05,-4.75853596324864e-09
243,0.0114962289609161,-0.000409601360860214,8.63084798774148e-06,-3.04560006405861e-09
244,0.0159818198760602,-0.00061950893588201,1.79638304301385e-05,-4.36783027658397e-09
245,0.0107317285006445,-0.000407999572131321,3.48088676598297e-05,-1.1377175080838e-08
246,0.00784169044487189,-0.000306314685651718,1.14559135351837e-05,-2.45531077761859e-09
247,0.0122905261505449,-0.000384570289397857,2.3977330288488e-06,-3.90751377997383e-09
248,0.0152450478541699,-0.000529176122659519,5.22291796157595e-06,-3.49156553294751e-09
249,0.0163680942582639,-0.000612353848814147,-4.37076604462174e-06,-1.11317901816996e-09
250,0.0146342834015321,-0.000603904481532556,1.1897303886322e-05,-3.05970337233069e-09
251,0.0101657937780997,-0.00038791259882851,2.29050189069269e-05,-7.07507628525757e-09
252,0.0164234664311795,-0.000608539230249619,1.54949209659873e-05,-3.11713280767633e-09
253,0.0163984859819364,-0.000578659635387767,1.73256226364119e-05,-4.86842948687633e-09
254,0.0133828335213442,-0.000551932547211904,9.82450059078765e-06,-4.1802393546964e-09
255,0.0169712003535705,-0.000592003590961371,1.13617391605665e-05,-6.5207841884254e-09
256,0.0217860326270581,-0.00077678839547346,-5.26922168297847e-07,-2.14462727098755e-09
257,0.0128646209592381,-0.00057338139490947,2.08754707629734e-05,-6.77891981950435e-09
258,0.024131953954111,-0.000729115747178664,8.40658185176912e-07,-2.50950925748951e-09
259,0.0229104639314629,-0.000787610690541472,2.35063861558145e-05,-8.29494646595258e-09
260,0.00813022154832737,-0.000351829097586699,2.66776805297923e-05,-8.14269422532063e-09
261,0.00782926990271217,-0.000328330383880575,2.36463958859124e-05,-5.43607789356415e-09
262,0.0141697250362107,-0.000484082250241084,1.6735183055626e-05,-6.47077851726383e-09
263,0.0172902193972405,-0.000647722683964698,1.03048273714901e-05,-3.61847405919284e-09
264,0.0122516573986422,-0.00051823171231316,1.35042934168524e-05,-3.0792146509564e-09
265,0.0193949538195264,-0.00074565957575482,2.43434083622057e-05,-5.34000007355898e-09
266,0.0144846954356855,-0.000465565242768898,2.06797875259471e-05,-6.10272910372603e-09
267,0.00956362909656771,-0.000374296168972647,4.06522949855217e-06,-1.60525648205475e-09
268,0.013345447200105,-0.000426953813557108,2.26240666156073e-05,-6.78131550072836e-09
269,0.0137524321926671,-0.000485832891302479,3.11222518024609e-05,-1.03046958806585e-08
270,0.00992243808867009,-0.000383896511822094,2.48890069366333e-05,-6.7318181656577e-09
271,0.0101744731121531,-0.000445530182046311,1.12448688343163e-05,-5.27687452405403e-09
272,0.00779579433868832,-0.000373392959784704,1.63046734546155e-05,-8.02557354728763e-09
273,0.0155301134168509,-0.000440759558791098,9.5672518337971e-06,-6.54632334425721e-09
274,0.0096051807459689,-0.000442460757035729,1.15147316958712e-05,-2.90634722670663e-09
275,0.00910203206632257,-0.000541629114311039,4.97086855692577e-06,-2.20146278036928e-09
276,0.0111908365437252,-0.000454263849352247,9.17228077667561e-06,-3.92094869787013e-09
277,0.0128427304170885,-0.00051309628812764,1.98793384139527e-05,-6.11097858399881e-09
278,0.00431021359013406,-0.00023168948730878,1.11030314268896e-05,-4.79191862662455e-09
279,0.0190022509865238,-0.000724825705026944,2.99711467571101e-06,-1.42085261649813e-09
280,0.0169144223776634,-0.000687449209283221,1.94162124485715e-05,-5.52671626666882e-09
281,0.0106689389511733,-0.000371506066442019,1.47689689567392e-05,-5.44994217977061e-09
282,0.0137302565459133,-0.000465838485643999,1.04841729654316e-05,-4.20980197425883e-09
283,0.0133476268209622,-0.000522806857311667,1.6865659374865e-05,-3.90609563659618e-09
284,0.0149130069110011,-0.000516055817522697,7.6690346025466e-06,-2.95974149089048e-09
285,0.0113061348747779,-0.000551395575137861,1.28759760804891e-05,-4.79783972606844e-09
286,0.0174949281065667,-0.000670727285386102,1.1024885631081e-05,-1.5730345929768e-09
287,0.00963871352330967,-0.000539314235339302,-5.88179491509392e-07,-1.25980368399837e-09
288,0.0154249549816406,-0.000600836166954151,1.23609410385859e-05,-4.5092996170446e-09
289,0.00905331129362559,-0.000390832407744126,1.93835724781789e-05,-7.30717828690952e-09
290,0.00986836293592573,-0.00047503595637899,2.34475455255389e-05,-7.26030505750323e-09
291,0.012252360052442,-0.000440573000014541,1.17014735339668e-05,-3.00581900247148e-09
292,0.0143267186813495,-0.000393215407839315,2.73058340433737e-05,-8.6650962743298e-09
293,0.0129883245831438,-0.00039757293858578,1.78114419356728e-05,-7.18714648063442e-09
294,0.0155119751928842,-0.000616274210808541,1.18222832951129e-05,-6.03993057171546e-09
295,0.0166267494113583,-0.000641031279209746,3.2024028697227e-05,-6.06799066851112e-09
296,0.0159879001366257,-0.000579862983330027,1.85558318608057e-05,-4.49599641975967e-09
297,0.0132374029358583,-0.000454921372203657,1.46081292143606e-05,-5.34907052181265e-09
298,0.00946382357606936,-0.00046401882276703,1.74436086885325e-05,-6.29426502166803e-09
299,0.0132077315080906,-0.000489724885990441,1.88824895762512e-05,-7.20076988078118e-09
300,0.0192453602189981,-0.000591025828035637,-2.12723205341875e-06,-1.1804258113323e-09
301,0.013078201655709,-0.000483307799112147,1.36255951806218e-05,-3.77855996182599e-09
302,0.0150182818954205,-0.000640050518869709,1.12908961902209e-05,-6.04354816961447e-09
303,0.0195058499296367,-0.00064125072267052,9.90462974398239e-06,-2.42302797776436e-09
304,0.0110979678566919,-0.000268750832223382,1.36005014053293e-05,-7.46494331177777e-09
305,0.0118240376810005,-0.000401899278723915,1.2645886363623e-05,-4.25079507596361e-09
306,0.010247524505104,-0.000465142324309952,7.34880495406118e-06,-4.32439413461612e-09
307,0.0199574538909175,-0.000587425413114032,-7.0074073213523e-06,-3.40197575372287e-10
308,0.009943831248187,-0.00049722067136038,7.3028685666993e-06,-3.18933606380479e-09
309,0.0124574687052089,-0.000478594417146507,1.40113275636017e-05,-3.15546775052082e-09
310,0.0156498650952542,-0.000500714050205257,9.86768496657505e-06,-3.24222831203551e-09
311,0.0143120858553859,-0.000554004909075384,1.14679341436264e-05,-3.45537087127483e-09
312,0.0116498222356771,-0.000472218656708696,1.50360320755184e-05,-4.84486025147267e-09
313,0.0106662438799132,-0.000385180394645937,1.23257689783714e-05,-4.24503731360459e-09
314,0.018286559214648,-0.000592714704125207,2.01163977829853e-05,-8.46049654542281e-09
315,0.0136919476855769,-0.000499878747866252,6.48686807327898e-06,-1.61704422282497e-09
316,0.0160834574240438,-0.000452449575140909,4.17742001316789e-06,-3.67678456789739e-09
317,0.0157681058262441,-0.000575555062663789,2.79342340470835e-06,-2.44421054467984e-09
318,0.0173747617457112,-0.000614374866801741,1.14155945371023e-05,-4.00884749445948e-09
319,0.0100751120225311,-0.000348010916699974,1.42561815551038e-05,-4.57670749811074e-09
320,0.0102396639366214,-0.000545499364884265,1.9452334434864e-05,-4.61028065072236e-09
321,0.0121715287667476,-0.000439641631111342,3.65610914341504e-05,-9.75091832568956e-09
322,0.0150291425813036,-0.000591065426507155,2.54297333874408e-05,-8.0829671011416e-09
323,0.0157170812613459,-0.000449317215663418,2.03568384758567e-05,-5.48456164825519e-09
324,0.00681253886978281,-0.000320247878039182,1.93602241659074e-06,-1.95358110991339e-09
325,0.0201887480340845,-0.000695745851409558,4.57639006743301e-06,-2.77818871345839e-09
326,0.0121416111546737,-0.000557403568573307,1.22690332484239e-05,-4.52847819814837e-09
327,0.013765401184936,-0.000525178110555349,3.01208740886605e-06,-2.16495594765713e-09
328,0.0102170860424337,-0.00049978940046994,3.02851572022794e-05,-7.77469045807662e-09
329,0.0151758014092759,-0.00052030575528999,7.60467822016485e-06,-4.18821978924931e-09
330,0.0138241937185488,-0.000559017001277504,3.46265922538644e-05,-8.3775339338721e-09
331,0.0121066501099597,-0.000385338233938602,1.9747035273934e-05,-5.95838572077448e-09
332,0.00870414221552716,-0.000342772207467327,2.36314000309383e-05,-7.23585605510409e-09
333,0.0171048550112442,-0.000621591953536662,1.23976294444266e-05,-4.30734626332393e-09
334,0.0162360438246258,-0.000692392412232486,2.93243915510302e-05,-1.16000761291626e-08
335,0.01141929361543,-0.000465137561744508,2.36969849518534e-05,-8.76066357689903e-09
336,0.00773339020308672,-0.000259988741072193,3.10968360687344e-05,-9.54147587450311e-09
337,0.0176402909805266,-0.000524803335041898,5.12820023381989e-06,-3.34987673093908e-09
338,0.00548622173996764,-0.000277061405163435,7.55674698195191e-06,-3.62864388206732e-09
339,0.00950412637082816,-0.000330982661737098,2.87431343544292e-05,-7.98072661902098e-09
340,0.0127316164697885,-0.000572585740429409,1.04248380884383e-05,-3.78736923657842e-09
341,0.0174076072981989,-0.000521948376481942,-8.41329789535595e-06,-1.89809397565408e-11
342,0.00900122234367226,-0.000355988957924667,6.73444697313118e-06,-2.10161607499012e-09
343,0.0159558096862176,-0.00053003888624495,1.21305798921177e-05,-3.90609359798269e-09
344,0.00472372709575502,-0.000344035481179065,-9.35635832172616e-06,1.33091265157912e-09
345,0.010549934908987,-0.000462909177338391,1.54628804732413e-05,-5.59703986621377e-09
346,0.0105258050015525,-0.000392516624364326,2.51776562714319e-05,-7.22539912377988e-09
347,0.0121324541956456,-0.000447673390531233,1.98800737879276e-05,-4.92481052229098e-09
348,0.0179855511671469,-0.000675112477682313,7.12770132273417e-06,-2.2414018349398e-09
349,0.014652692216719,-0.000538447155812365,1.56197226167231e-05,-5.01522497385013e-09
350,0.0122820662682747,-0.000567265357802168,1.74122158004969e-05,-5.59216639503928e-09
351,0.0125390492372509,-0.000452663326063923,7.44336414779596e-06,-4.7100383194458e-09
352,0.0100952076366511,-0.000305014840615869,7.70015499588839e-06,-3.78801871914924e-09
353,0.0143734071388634,-0.000599325202645319,1.11871336211013e-05,-4.43763989621608e-09
354,0.0137729045587658,-0.000437633970575272,1.03790101521221e-05,-3.96566516668015e-09
355,0.0181604766314978,-0.000548204400383211,-3.27415070940684e-06,6.13797821827372e-10
356,0.00805675411287928,-0.000304197456057582,1.58154254133982e-05,-6.20318013014349e-09
357,0.015440858299215,-0.000490577251396454,1.06348942675531e-05,-1.57595701918722e-09
358,0.0123305425184859,-0.000484704973997905,1.27647691294065e-05,-3.61475859624087e-09
359,0.0115676282185255,-0.000492491268255232,1.34348748074381e-05,-4.16530245324412e-09
360,0.0099325530787678,-0.000419846808531847,9.01907097730924e-06,-5.01443726269396e-09
361,0.00986106483821744,-0.00047741210674281,1.40016137866457e-05,-6.35505586115639e-09
362,0.00856855568098781,-0.000462435960270817,1.57183989470668e-05,-2.61763829942667e-09
363,0.0174098558153398,-0.000714704482439589,2.11301284148105e-05,-6.98668921965249e-09
364,0.00904479958201639,-0.000361619154239361,8.70080809048067e-06,-5.07624824507441e-09
365,0.0102563409043014,-0.000486445072762393,2.70920275058929e-05,-8.54412406113252e-09
366,0.0104263704894657,-0.000487168617616143,2.12790317733588e-05,-6.85475007363419e-09
367,0.0132820882236559,-0.000433629622007547,1.28443587649424e-05,-5.80750446328363e-09
368,0.0151399801922678,-0.00039782414941267,7.04358330113516e-06,-2.6805288553211e-09
369,0.014154874677888,-0.000554782140278337,1.33643491173345e-05,-5.15039574701862e-09
370,0.00872394021393196,-0.00029488051245114,5.93700933728047e-06,-3.07318336497349e-09
371,0.0151956915093413,-0.000613402281498234,2.34151455884573e-05,-7.99880927937096e-09
372,0.00768349120544284,-0.000323582184910911,1.43883439296062e-05,-5.53366796845269e-09
373,0.0126058161608985,-0.000433021213487061,1.07777073634493e-05,-3.91837380463234e-09
374,0.00846646416049663,-0.000336039252953547,2.56376805221407e-05,-3.69438494535879e-09
375,0.011950345812106,-0.000432019180212782,1.19249567609729e-05,-3.71411110978663e-09
376,0.019400980505852,-0.000644239759333594,2.08168812518773e-05,-6.74965450806186e-09
377,0.0208629429127126,-0.000766491382761674,2.19337852200807e-05,-6.02405306827139e-09
378,0.0165088807335467,-0.000714266405944293,-1.78349811257528e-06,-2.1214373861627e-09
379,0.0167284767432555,-0.000643686341614064,1.32369407212655e-05,-3.45551411305714e-09
380,0.0144086946043777,-0.000528575126980033,2.37490210720661e-05,-7.50627474022632e-09
381,0.0143210956558246,-0.000619194177705804,1.14965312101071e-05,-4.43075531285081e-09
382,0.0215353149697011,-0.000774815140204518,2.94009122735252e-05,-6.73013893391719e-09
383,0.0112109740006386,-0.000428122585355214,1.82524895305865e-05,-5.24060952515524e-09
384,0.0210662426080646,-0.000622610496074836,3.36408197452429e-06,-1.50455856533201e-09
385,0.012908921858225,-0.000399198248549304,1.8071484456501e-05,-6.12625209374088e-09
386,0.0149052209624018,-0.000534893222896801,3.08742326613371e-05,-7.63297159423461e-09
387,0.018131516584237,-0.000694707591116215,1.17052238029061e-06,-3.93954338260137e-09
388,0.00906874284373275,-0.000348258741025719,2.03302199939424e-05,-6.28445315140055e-09
389,0.0146236285251213,-0.000471961585458148,2.80882876590379e-05,-8.60772744286066e-09
390,0.0124836370702546,-0.000436485900083284,1.527035312754e-05,-4.60523793018941e-09
391,0.0121374046998877,-0.000427241240644434,1.7793768692397e-05,-5.99359696829103e-09
392,0.0107183064867668,-0.000440603931019512,7.9992254602387e-06,-1.75794585491281e-09
393,0.0106712348944554,-0.000509126547512159,1.13293566603697e-05,-4.17004736605466e-09
394,0.0159472355203116,-0.000641734707430016,2.35606628088689e-05,-5.68610197763122e-09
395,0.0137830857078821,-0.000502146077000202,1.65859286321604e-05,-6.03227719877903e-09
396,0.0145295870059022,-0.0004264296824036,4.02751351239961e-06,-2.27502021513063e-09
397,0.0169370651601506,-0.000555581547324006,1.98537810994215e-05,-5.39564516938986e-09
398,0.0150402117117146,-0.0005292960283159,1.21803239776974e-05,-4.61983908641036e-09
399,0.0118261734362841,-0.000471946666013852,-9.31168934827387e-06,2.65154174972008e-10
400,0.014392269049787,-0.000492235008332044,1.40268924284014e-05,-5.87872338506795e-09
401,0.0128218658928644,-0.000499512444653945,1.44631339579492e-05,-4.26044644433689e-09
402,0.0130406673416351,-0.000489113314304386,1.87850933495026e-05,-7.14707420625395e-09
403,0.0126137683393803,-0.000478346284316979,2.06609774197575e-05,-5.35541383167943e-09
404,0.0115228675784223,-0.00058422592209611,2.48026261023387e-05,-7.89804863136984e-09
405,0.012904510734434,-0.000533899294640655,2.06081502193161e-06,-2.36300612110498e-09
406,0.011100303850227,-0.000387918680320265,2.13400565821661e-05,-7.14387689017055e-09
407,0.0107455362551331,-0.000441138012999905,1.93362324351893e-05,-6.31017603746887e-09
408,0.0129106923557652,-0.000430425170766248,1.64342065349459e-05,-6.21632257305795e-09
409,0.0142305892172191,-0.000560409128282332,1.42548823269994e-05,-6.03220812608685e-09
410,0.0128728815083152,-0.000411155133525155,2.01167728506654e-05,-6.98664634967911e-09
411,0.00987494938421601,-0.000343418769109377,1.91863496441603e-05,-5.82183246178931e-09
412,0.02183969552454,-0.000803347246036028,1.43947268329229e-05,-6.33526450075808e-09
413,0.0177331349065296,-0.000565805140070541,1.36468625514921e-05,-4.0655588546861e-09
414,0.0110525108380359,-0.000484094911342733,9.38638639195522e-06,-4.96779973596751e-09
415,0.0139515916458109,-0.000559415259579456,2.78374791297034e-06,-7.81538311485316e-10
416,0.0122383113754456,-0.000612789998082513,2.02453027704976e-05,-4.93448472853467e-09
417,0.0106013173669735,-0.000498709930398668,1.11583443096169e-05,-2.41444635929581e-09
418,0.00793230402617984,-0.000405940303636817,6.78572441096806e-06,-3.59923663168474e-09
419,0.00615850121725194,-0.000327498996861763,1.57611202582664e-05,-4.72436453684939e-09
420,0.0125509201734465,-0.000461573546783448,1.99690697016234e-05,-5.83518952749321e-09
421,0.0149653788569505,-0.000507494256502935,3.16463356343863e-05,-8.51494742594324e-09
422,0.010299630968767,-0.000397294329064175,1.75643746797193e-05,-5.1131376764609e-09
423,0.0188860329154584,-0.000738176617957252,2.34455346648176e-05,-8.19579984771888e-09
424,0.00943527606348817,-0.000307536689943813,4.12440747680098e-06,-1.18991095942928e-09
425,0.00982509631162119,-0.000479074680537127,8.9167757612976e-06,-1.46868835302179e-09
426,0.0164033884601043,-0.000452395310859652,-2.9418507134594e-06,-2.50448778573171e-09
427,0.0146537406640176,-0.000618245671212255,1.6649045467193e-05,-7.67309711324468e-09
428,0.0123927644958937,-0.000504163882758903,2.35280053323708e-05,-9.08926680116202e-09
429,0.0131554003067914,-0.000500621937111756,8.66137209771798e-06,-3.3410634005958e-09
430,0.0105485736069237,-0.000366262462212029,1.89440791393268e-05,-5.35802899412601e-09
431,0.00699197518582082,-0.000309948065314336,2.26248332182755e-05,-7.42112354667712e-09
432,0.0203315729646884,-0.000744781633277739,1.32135750302835e-05,-3.46371901925686e-09
433,0.0182742529733526,-0.000595581272790773,1.24116766852077e-05,-3.40332371044504e-09
434,0.0100887355646494,-0.000376253843977868,2.76373536197316e-06,-2.7265514013229e-09
435,0.0125858876506676,-0.000553960682743532,8.56212894192884e-06,-2.58844403536869e-09
436,0.0230835198223219,-0.000774245926899834,1.75212978787181e-05,-5.9754522001535e-09
437,0.0155013725860612,-0.000485458634716423,-7.4024728516802e-06,5.95881470809761e-10
438,0.0151885678013247,-0.00048261726898172,5.62602319892149e-06,-4.59539993260792e-09
439,0.0143824056943618,-0.00067489089335409,3.1384378993393e-05,-1.06326548752466e-08
440,0.0134059925333518,-0.000551889474825661,2.77369969279789e-05,-7.32125337164474e-09
441,0.0114465256504929,-0.00040318903263296,8.83504695824308e-06,-4.30663366091302e-09
442,0.0115828283264832,-0.000304201974798326,-5.98636841492518e-07,-9.31018683517427e-10
443,0.0136046215995354,-0.000386932086869505,1.87152227564669e-05,-7.38722083798774e-09
444,0.0121585209556678,-0.000542821374796758,1.33849458473556e-05,-5.19680887450057e-09
445,0.00478553546910297,-0.000256876534277081,1.94098327039576e-05,-6.33050033955665e-09
446,0.0101090450468644,-0.000424977542111333,1.91702766079383e-05,-5.96030687707426e-09
447,0.00899970877992924,-0.000363888283832471,2.64658821063414e-05,-6.8014671780521e-09
448,0.0131579170699615,-0.000599570870961585,1.10532633367822e-05,-5.57107642487278e-09
449,0.0178291586571935,-0.000586139728140564,3.16513139794547e-05,-8.60879739809178e-09
450,0.0115941366237242,-0.000585827625659409,1.58495284352668e-05,-6.01635259869777e-09
451,0.0152882541525726,-0.000527222769740956,2.84326187519366e-05,-7.37608745781131e-09
452,0.00720795251906366,-0.000315368955326961,2.66693561571191e-05,-6.65481425825694e-09
453,0.00760140932974522,-0.000281245003694736,2.23256459506622e-05,-7.28678520508921e-09
454,0.0114716872467561,-0.000603329800318933,1.77367848031242e-06,-1.56957385987936e-09
455,0.0144962963767399,-0.000662902529030961,1.9208624698013e-05,-4.31728460404375e-09
456,0.0150126178342092,-0.000588559320993246,-1.20462731079796e-05,2.9801658275144e-09
457,0.0158741669110433,-0.000628283866735157,1.22050311573739e-05,-4.1741009414802e-09
458,0.0113846643600891,-0.00047757423652955,1.17197599611079e-05,-3.63206652439269e-09
459,0.0191871040613865,-0.000679799984580037,3.59821604348454e-06,-3.497239128289e-09
460,0.0162782726253438,-0.00053446805185389,2.05372764650096e-05,-5.88508548033295e-09
461,0.0109297527249714,-0.000415066262156314,1.14109586132846e-05,-3.59773516764429e-09
462,0.0120268627805863,-0.000390175760894021,1.10590477947814e-05,-4.99361604257503e-09
463,0.0156358820139924,-0.000561319952668767,1.48250272103654e-05,-5.28733360848879e-09
464,0.014840875660503,-0.000550266804928941,1.5297015542527e-05,-5.81948500670502e-09
465,0.00981965935720918,-0.000369116021349515,-3.98018932665209e-06,-1.84215981327487e-09
466,0.0114605296984714,-0.000444024145680406,3.67148443515654e-05,-1.10322977292949e-08
467,0.0188759480639109,-0.0005291029826923,3.19376376606942e-05,-8.4861755992604e-09
468,0.00999548666953237,-0.000314127177477257,4.39833325406919e-06,-4.61263448921522e-09
469,0.0121788648792229,-0.000458085821924595,1.86912331884994e-05,-6.53172577385191e-09
470,0.0107903565839915,-0.00043777262779969,2.66822814263995e-05,-6.01001908065364e-09
471,0.0134879939406382,-0.000473621902361724,1.05892838239254e-05,-3.55828132117876e-09
472,0.0113608044728594,-0.000359784972982666,4.13618174129185e-06,-2.33933184591237e-09
473,0.0121523537284153,-0.000583806004271183,6.03074548780586e-06,-1.42956917915691e-09
474,0.00350313763852534,-0.00025531228610479,4.04883074516928e-05,-9.73645391493898e-09
475,0.00913553171269919,-0.000372763020810034,1.79136785406706e-05,-6.44347455294613e-09
476,0.00949056141700954,-0.000426670474217228,9.08112949929255e-06,-5.55336947143762e-09
477,0.00549646813139113,-0.000254627443510935,6.70444260155099e-06,-2.51146950934235e-09
478,0.0168528984079468,-0.000565456969972885,2.00274079227319e-05,-5.55546434320478e-09
479,0.00813790517434574,-0.000395680209428202,7.98598834544983e-06,-3.31915743984431e-09
480,0.0150324395270117,-0.000534236072999852,-3.32953372845678e-06,-1.93791777648478e-09
481,0.0177638780527948,-0.000594147920527785,-8.91977726738759e-06,8.66633708328915e-10
482,0.0115080661859144,-0.000395732152635153,1.89611715523789e-05,-5.71622951656409e-09
483,0.0188220630474853,-0.000657865155950081,1.63201259782572e-05,-5.50983134087017e-09
484,0.00928966816120182,-0.00044287477829521,1.56083847810791e-05,-4.78674067149739e-09
485,0.0150967312042828,-0.000641373393709706,1.8633413728721e-05,-6.17736007233154e-09
486,0.013006277177707,-0.000426970559358148,9.43742408298447e-06,-4.24779836018395e-09
487,0.012140135521211,-0.000462584780419966,-4.79304753711156e-06,2.73328189349254e-11
488,0.0133194958795429,-0.000544729447630353,1.29316571205202e-05,-3.51744691855191e-09
489,0.0164254872769721,-0.000516414122987976,-1.01710886766243e-05,9.34259957092077e-10
490,0.0119000869567038,-0.000607644430066637,1.93090590783753e-05,-5.57781817947291e-09
491,0.0144907686903375,-0.000378176983701969,1.80862545889978e-05,-7.87784210942847e-09
492,0.0122029812581985,-0.000435133846673565,8.87582226268338e-06,-3.9233505835048e-09
493,0.0107223253687741,-0.00047052762277062,1.73954221712816e-05,-4.78175028204991e-09
494,0.0161496385058057,-0.000609902913101813,1.40746536837897e-05,-4.38891240668458e-09
495,0.0110270969844656,-0.000416242792204044,2.87873446780058e-05,-8.3686097082883e-09
496,0.0122030432377206,-0.00048309165842295,7.19622564616033e-06,-3.60863407208623e-09
497,0.01088466114973,-0.000430775036121502,1.9959758505604e-05,-7.15708501385613e-09
498,0.0178387595135975,-0.000631678737941013,2.02485061088684e-05,-6.00486479743915e-09
499,0.0122852636264881,-0.000464964115951303,9.79659232321203e-06,-4.55163032002569e-09
500,0.00918468701094763,-0.000469859182019197,3.60799575336647e-05,-8.44052293961767e-09
501,0.0127153893987669,-0.00046434483347323,1.93295993882684e-05,-6.58153921421344e-09
502,0.0119730518863686,-0.000396203407329679,2.2793605154045e-05,-6.58459004897879e-09
503,0.0107364935994636,-0.000374978707080488,2.5007543223271e-05,-7.14784158988421e-09
504,0.00913915761308247,-0.000392787837049395,2.68837985841239e-05,-8.16163450082019e-09
505,0.0190282360203758,-0.000741367260410205,1.5504856094258e-05,-4.44873666698734e-09
506,0.0134301152422812,-0.000472268285127531,2.05979293519194e-05,-6.07040305100199e-09
507,0.0140667544291021,-0.000456098521937303,-5.93300601717873e-06,-3.1173152257635e-10
508,0.00963612305106055,-0.000487312799431657,4.59922799099067e-06,-2.61659136700881e-09
509,0.0107970280309038,-0.000353729070628733,1.85985820044421e-05,-6.7929037720092e-09
510,0.0106034326141564,-0.000511384030809334,-9.4066681597991e-06,3.36582592913942e-09
511,0.0221260815612447,-0.000732225182565389,-1.73976647871245e-06,-1.2721055493325e-09
512,0.0131593633539382,-0.000460613421266506,1.91309927559132e-05,-6.5842538341208e-09
513,0.0127628120247618,-0.00053689372400811,1.44286245298101e-05,-5.07666859297544e-09
514,0.0143794720795733,-0.000494648929422844,1.66086286541208e-05,-4.95854916607978e-09
515,0.0100527789636065,-0.000354966324573768,1.12623374047341e-05,-3.3026730044006e-09
516,0.0161452697452096,-0.000481538593404592,2.26425119722157e-05,-6.35134030117838e-09
517,0.0123048688558532,-0.000605448139290826,7.03854120993166e-06,-1.27463176988839e-09
518,0.0100696935228346,-0.000233270785480729,1.66390734404482e-05,-5.94783277354429e-09
519,0.0104796462944846,-0.000342900683786062,1.32069908625293e-05,-3.91500971101265e-09
520,0.0122355067507376,-0.000549669229308237,1.44405877834417e-05,-4.6110100202966e-09
521,0.0156508322526326,-0.000507110262800647,-9.62977912492549e-07,-1.26269483535428e-09
522,0.00895723469385545,-0.000435963846048045,1.11820086638383e-05,-4.1555255932227e-09
523,0.0144066817550935,-0.00060628246251895,6.70416101127186e-06,-2.67503522065859e-09
524,0.0136026631098986,-0.00049365572886938,-3.48073244199487e-06,4.11390807426636e-10
525,0.0101217133214219,-0.00041425983179757,1.70952547040737e-05,-5.37394029640184e-09
526,0.0152109648190255,-0.000634026696064601,-5.9388596447938e-06,-9.05485321947351e-10
527,0.0163904927730851,-0.000570786607827073,3.76166483309744e-05,-9.47192546694542e-09
528,0.0156963569058814,-0.000564854708776094,2.90144697164135e-06,-8.97113640152709e-10
529,0.0146335660050579,-0.000584805819856834,9.42721851843903e-06,-2.81649299935207e-09
530,0.0190791979163287,-0.000723123889695384,2.13495716798078e-05,-6.96953736073818e-09
531,0.019296532692503,-0.000633454663646011,2.12284790701444e-05,-5.27310505853127e-09
532,0.00946395089718094,-0.000470839425991773,1.35399246521282e-06,8.22802037074915e-10
533,0.0115831617275598,-0.000462138109639898,1.72658062266455e-05,-4.95092764186311e-09
534,0.01231206403259,-0.000577611209853896,3.1412649451738e-05,-8.17979580207259e-09
535,0.0148431325216758,-0.000608683364748423,1.19102141737189e-05,-4.123126329365e-09
536,0.0111068211986252,-0.000461019590906157,1.98084727873009e-05,-6.22954913796231e-09
537,0.012036331359277,-0.000471100720243593,1.04692057034495e-05,-3.44191044941074e-09
538,0.0113219928824151,-0.000399426382976429,8.12307462310424e-06,-3.49233296072596e-09
539,0.0158920233832254,-0.000552647070675497,4.67814348904337e-06,-1.81568909033349e-09
540,0.012768462981127,-0.000475069395536021,1.55770039892146e-06,-1.32197895511745e-09
541,0.0132692195275626,-0.000562100711975048,1.177113573356e-05,-2.17023380025548e-09
542,0.0119993460067588,-0.00048180848110227,1.70794656425804e-05,-5.4376096805872e-09
543,0.0145738548972663,-0.000569677945661724,8.86259024792591e-06,-3.59871350232843e-09
544,0.00814438475973176,-0.000276557994989531,1.01670147006494e-05,-5.07469930411781e-09
545,0.0143632284233564,-0.00053291052197438,6.347171806889e-06,-5.57197245227327e-09
546,0.0221424437922517,-0.000767594503627091,1.47972759033849e-05,-6.30415761540216e-09
547,0.0186842722188697,-0.000675937223246984,-3.90604543815165e-06,-1.88696120085682e-09
548,0.00807710236862078,-0.000323739404161988,1.82971700248012e-05,-5.2613777363871e-09
549,0.0124898483658,-0.000505578798590233,1.24740612634232e-05,-5.86007531168433e-09
550,0.0134610892979989,-0.000429028655242909,7.04327385100437e-06,-2.86662995446021e-09
551,0.0144887702778188,-0.00056165660585759,7.11882404812545e-06,-3.50405078089716e-09
552,0.0133856444831085,-0.000533772099652121,1.66180904346882e-05,-5.99976392780236e-09
553,0.0137069320417231,-0.000470089767799975,1.93431442711852e-05,-6.53286923781338e-09
554,0.00133332420568147,-0.000143299954208228,2.93233447793246e-05,-8.79047530542777e-09
555,0.0124796860571274,-0.000479460667215104,2.3131787530389e-05,-6.64975430629903e-09
556,0.00879123069311735,-0.000346683982811107,1.37315880143442e-05,-5.06646464149132e-09
557,0.0143702364099836,-0.000514709716442576,1.65361062840714e-05,-5.89682457122901e-09
558,0.00915953545070711,-0.00049345167672798,2.26426024444032e-05,-5.670781719773e-09
559,0.0126167752807562,-0.00054867943227578,2.68553448056791e-05,-8.62395084707603e-09
560,0.0140017228338283,-0.000478813628076167,8.87529662858943e-06,-2.99362252627653e-09
561,0.0125354243064178,-0.000454023730662717,1.46340878608127e-05,-5.13094427003034e-09
562,0.0104463850977425,-0.000429843956406695,2.24372186705427e-05,-4.92649375156656e-09
563,0.0162606458166668,-0.000578827326125654,1.59025241738663e-05,-6.21135182732794e-09
564,0.011646063029492,-0.000613900534565098,1.98821898925561e-05,-3.9958461798661e-09
565,0.0116485613197845,-0.000493937799102307,2.55497294617694e-05,-7.28198130509093e-09
566,0.0106606578269562,-0.00047214604170887,6.8792672502451e-07,-1.2551457642961e-09
567,0.0145565641883491,-0.000555820055909359,7.81054924302611e-06,-2.6870705064902e-09
568,0.0116872106985569,-0.000465983278974621,2.1930920322988e-05,-6.68722369176627e-09
569,0.00885814197043348,-0.000434526470939007,1.32638452322886e-05,-3.91147929984723e-09
570,0.0141875937864087,-0.000537281430657259,8.51268351368274e-07,-8.9425331721729e-10
571,0.0131169131004442,-0.000498083061407795,1.72473549097432e-05,-3.92997617543433e-09
572,0.0160986773582848,-0.000523415785615568,-1.26061362919689e-06,-7.80496123904018e-10
573,0.0109397118499235,-0.000494858391455664,2.33693430566556e-05,-6.06723865667909e-09
574,0.015011753191019,-0.000554430967241981,9.57416613679568e-06,-2.29979423011677e-09
575,0.0102713856631316,-0.000361755536227661,1.58887251856271e-05,-3.71949216704311e-09
576,0.0188679301054637,-0.000598708399137191,2.53778236452864e-06,-2.79203873142923e-09
577,0.0120854366054492,-0.000397749028271558,2.08070324782017e-05,-7.37434040030414e-09
578,0.0132530665712828,-0.000512142261539763,1.90428597134394e-05,-4.54771743264845e-09
579,0.00817871712839519,-0.000381834587867057,3.04332817107176e-05,-9.86233272874476e-09
580,0.0202597516435455,-0.00068668280035033,1.96512854892277e-05,-5.50141783855143e-09
581,0.0190598413271469,-0.00071922962397128,1.09861508663618e-05,-3.07286688239803e-09
582,0.00922134777334163,-0.000393957973302505,2.11446091542215e-05,-5.35444806173419e-09
583,0.00947541302079967,-0.000451448896838295,5.26879035901079e-06,-2.39747850391582e-09
584,0.0057654064749095,-0.000397871247402738,1.25457640567028e-05,-2.63030766122149e-09
585,0.0150034217176676,-0.000490762531242747,1.61245949757926e-05,-4.29594419789217e-09
586,0.012045788216525,-0.000443562682312282,1.86748846907013e-05,-6.32006642476856e-09
587,0.00947945054179718,-0.000338435610018153,1.60960402970562e-05,-4.55558104186688e-09
588,0.00692695665448212,-0.000279697861895066,1.70855880132063e-05,-4.7614531244233e-09
589,0.0122727214345304,-0.00047937011923319,1.36262749409184e-05,-5.30179869211455e-09
590,0.0142130496392855,-0.000482367902796563,2.92612217750098e-05,-8.03503450684533e-09
591,0.0117714053570631,-0.000455623279888814,9.64119597013424e-06,-4.46107559668027e-09
592,0.0120358209729658,-0.000552270541005553,2.49339064298039e-05,-7.64715043293761e-09
593,0.0148566888323203,-0.000388722137645411,2.22391465049531e-05,-9.01645610634438e-09
594,0.0141152926585433,-0.000628479383887009,3.70885467771313e-05,-1.1649014271673e-08
595,0.0125927824867491,-0.000544483732075343,1.51471142048644e-05,-4.06205807362379e-09
596,0.0103133273761052,-0.000458352207368378,2.04345308311508e-05,-7.18875168987493e-09
597,0.0145836867946898,-0.000517624957846296,5.5443137315157e-06,-2.83101714825657e-09
598,0.010455647099833,-0.000562170554395629,2.73077424247519e-06,-2.1626914653998e-09
599,0.0140184394066863,-0.000552028823263794,1.70833879818555e-05,-5.32954314935078e-09
600,0.0129674161000358,-0.000356817909055134,1.1516507451466e-05,-4.14863299779037e-09
601,0.0161186288868696,-0.000674174379972998,4.89242320037876e-05,-1.29027088544608e-08
602,0.00872250020944377,-0.000387029457329443,1.48587884071715e-05,-4.07807715476079e-09
603,0.0187198990807379,-0.000646625234922901,5.40615775547393e-06,-4.0130006343559e-09
604,0.0112837128142701,-0.000517074538830329,1.35094928858798e-05,-6.65104878183938e-09
605,0.0122870911501065,-0.000528691797698917,1.37844863882061e-05,-5.76518878072981e-09
606,0.00989112012826395,-0.000457300538715388,2.38914744706729e-05,-7.12265249128548e-09
607,0.0105895577714387,-0.000388876815418884,8.35334601521537e-06,-2.81766541168647e-09
608,0.00864316019955491,-0.000297040816953627,-6.88488963954847e-07,-3.5771952032731e-09
609,0.0207042254762408,-0.000672957659077047,2.30518288956757e-05,-6.05195873338982e-09
610,0.0110478931627959,-0.00045394708764536,3.25794688543811e-05,-7.35363897153044e-09
611,0.0130448707769058,-0.000529053795224916,1.10868525814855e-05,-2.30595110055838e-09
612,0.017975671044927,-0.000587964401269369,2.04507948505901e-05,-7.28404750291998e-09
613,0.00728582241409703,-0.000288670287943836,2.85561856207067e-05,-1.0183131877619e-08
614,0.0103172043704147,-0.00046366179827392,3.12881389017909e-05,-9.7305826109251e-09
615,0.0145822835970272,-0.000548124441486871,2.24985077558402e-05,-8.06306523293224e-09
616,0.0147778973987576,-0.000553248266267864,1.91451905583948e-05,-4.53127325863909e-09
617,0.011206292135821,-0.000359427457272017,2.1482801540389e-05,-7.33642380876235e-09
618,0.0118508710537229,-0.000555602103789308,3.01769878153775e-05,-7.61532573425353e-09
619,0.0115464314076643,-0.000383100352191897,9.02788504268212e-06,-4.06209149588673e-09
620,0.0141727039649279,-0.000514638533696041,1.41161022908352e-05,-3.6773692188439e-09
621,0.00695232471485652,-0.000348858913765992,1.647029371186e-05,-5.13343564627686e-09
622,0.0170783045434289,-0.000594026497028766,1.02119264345966e-05,-1.83927619563355e-09
623,0.00986708887583967,-0.000401310928461837,3.01507495937756e-05,-8.49561462610996e-09
624,0.015451231930352,-0.000476906773400558,2.53234429217352e-05,-7.50786391275392e-09
625,0.00198574396263338,-0.000217707682611693,1.38863883154022e-05,-3.86359423673431e-09
626,0.0114634300290091,-0.00046025890067569,1.14506344178403e-05,-4.28641239273482e-09
627,0.0108787115171194,-0.000455259095231031,8.27790111383172e-06,-3.10060756778696e-09
628,0.00865091644683172,-0.000426438344973322,9.22012705487264e-06,-1.80353725105833e-09
629,0.00954534572765126,-0.000349088832060503,2.31813694903651e-06,-1.86558170851654e-09
630,0.00793118166249549,-0.000449643890404593,1.54159394321918e-05,-5.91519912774477e-09
631,0.0130377041127557,-0.000444640851661618,2.91443366168876e-06,-4.73153585599722e-09
632,0.0119031861964856,-0.000439616457606652,1.52446698818583e-05,-4.68991092957029e-09
633,0.0118064139961618,-0.000464434537081037,2.86014981201459e-05,-6.06189397634101e-09
634,0.0102526186144516,-0.000410120128229521,2.12022633119144e-05,-6.129678871119e-09
635,0.0162930230671895,-0.000712559337861172,4.06560928322109e-06,-3.25655536439497e-09
636,0.011265066651744,-0.000514355293206181,1.7510491709834e-05,-6.0294802478584e-09
637,0.0139181002360526,-0.000433301842485697,1.29610628478858e-05,-5.23662263549529e-09
638,0.0132096294366636,-0.000492928724730672,1.94347938332034e-05,-7.22821013873885e-09
639,0.0124781765148394,-0.000488834282530224,1.5377178685494e-05,-6.08543946625573e-09
640,0.0108836016572754,-0.000411364847327151,2.28303938722964e-05,-7.35425128367336e-09
641,0.00865507759376032,-0.000387078774653509,1.17236966396708e-05,-5.55681821206592e-09
642,0.0201216733901092,-0.000661789842649684,-1.19568313705157e-06,-1.71112774943151e-09
643,0.011615102802216,-0.000465855199345474,2.50781889503681e-05,-6.28147510930276e-09
644,0.00904673480371732,-0.000470012762720209,8.96454651046981e-06,-3.15759349264113e-09
645,0.0160094037945418,-0.000509387449411565,3.1556145998059e-05,-8.89978358415053e-09
646,0.0153541036917426,-0.000571089450654061,-2.10215572177051e-06,-2.08789924946214e-09
647,0.00989460891148328,-0.000407262303545841,4.37648209124979e-06,-3.78980456395264e-09
648,0.0198235231280785,-0.000674968734183889,-5.1349585812204e-06,-1.09642628763016e-09
649,0.015231674868726,-0.000475778081296942,2.19060107018027e-05,-7.08059468779855e-09
650,0.0134964837773278,-0.000582302320442895,1.1190052404612e-05,-2.58459533581251e-09
651,0.0124776604462232,-0.000546129247734722,3.18793115353768e-06,-3.04729365111846e-09
652,0.0182838530257354,-0.000621513697736264,3.83117439987523e-06,-9.79353450119269e-10
653,0.0306644171926479,-0.000867234982236431,5.33283543630017e-06,-2.7441515003258e-09
654,0.0088598668246437,-0.000472200201604739,1.21020899472393e-05,-3.25281950326446e-09
655,0.0132203542604771,-0.000560870056386428,-3.87929589017947e-06,-1.29418458790917e-09
656,0.0126986472731329,-0.000534365014696861,2.11574784626889e-05,-5.71589653925625e-09
657,0.00843522530878929,-0.00039887658550949,3.5770453558775e-05,-9.75655576994154e-09
658,0.0109132832994542,-0.00039238696157169,9.4070074569823e-06,-4.3498090651423e-09
659,0.0105047288970572,-0.000392713281185115,9.47958729284589e-06,-2.71216215810019e-09
660,0.0131874710611767,-0.000460494379700518,1.27796486229852e-05,-2.45663666381258e-09
661,0.0200739238230276,-0.00066339478164239,-1.30241481498703e-06,-8.55303022932602e-10
662,0.0141816112455921,-0.000490145065596329,1.11701296746723e-05,-4.04224017484637e-09
663,0.0154080529319328,-0.000575642513088261,1.11833013513276e-05,-4.59773100167648e-09
664,0.0125595385847489,-0.000579105730801816,2.60907247390332e-05,-6.13657183808449e-09
665,0.0180667524194687,-0.000654266170186271,1.35565686495101e-05,-4.44115554427958e-09
666,0.0127035009409241,-0.000506410267520455,-8.00123997399855e-07,-1.64227092241988e-10
667,0.0101652394817327,-0.000471512221739596,2.19295373485963e-05,-5.94574040914364e-09
668,0.0150166948777053,-0.000528081152003839,1.35028028080041e-05,-2.77772122300284e-09
669,0.0112331712659149,-0.00046879723560812,3.4106821896184e-08,-1.11095054780076e-09
670,0.0115884793585402,-0.000433159443948675,1.95049845449793e-05,-5.57020872375375e-09
671,0.0116703367403668,-0.000537233398721676,1.43585571400181e-05,-5.11693725855124e-09
672,0.0165644541760182,-0.000636334822444869,-2.16916526640343e-06,-1.44935982720274e-09
673,0.0120582981268649,-0.000517010829968167,1.17685512589371e-06,-4.76812154984785e-09
674,0.0167944330380056,-0.000606470551804334,3.7033482781733e-05,-9.65060085522498e-09
675,0.0112274648506483,-0.000432939049502228,1.6643741807872e-05,-4.80350255272679e-09
676,0.0133108321982646,-0.000534078838966189,7.4092687504326e-06,-3.87475527939928e-09
677,0.0159444915594005,-0.000519502824209008,2.93797676300402e-05,-8.97857712860727e-09
678,0.0125077537057767,-0.000526574721486419,1.85909380378519e-05,-5.66447601922241e-09
679,0.00833331440035456,-0.000460831024434867,1.63034892279251e-05,-5.58895720431901e-09
680,0.0150767861063992,-0.00062569954133544,1.19551706807121e-05,-5.46156495648807e-09
681,0.0135283376919831,-0.000405977794503603,1.39389151308435e-05,-4.99154064353645e-09
682,0.0131447631556858,-0.000544945570198267,2.08396416885118e-06,-2.75770505435531e-09
683,0.00904137781467015,-0.000372397512825549,6.16918583942966e-06,-1.40604799534532e-09
684,0.0135507677878932,-0.000561557008245701,2.35375445029936e-06,-2.34547710449891e-09
685,0.0169082434043298,-0.000555858589529462,1.05145989632875e-05,-3.19832779421926e-09
686,0.0236650552525691,-0.000770502418987434,1.44426318141222e-05,-5.10070351069504e-09
687,0.016772054726998,-0.000624963724247356,5.85141234058993e-06,-3.47669985346358e-09
688,0.0123908700124892,-0.000453632260610103,1.82357989958108e-05,-6.82923033786649e-09
689,0.0108281461364474,-0.000368384450784867,1.41856161996422e-05,-5.41724363519548e-09
690,0.0114005201425541,-0.000402767771680042,1.36559289852824e-05,-3.88896339191145e-09
691,0.0130164373552723,-0.000470011262356901,6.33892228546364e-06,-4.30198541174674e-09
692,0.0141730667220698,-0.000488711148129391,3.14151597254978e-05,-7.57099782741339e-09
693,0.0120662130437282,-0.000533593973987939,2.48285972252274e-05,-6.58099614115978e-09
694,0.00930340840636872,-0.000316751273178377,1.35351106523417e-05,-4.648809353539e-09
695,0.0107810579373979,-0.000445839515423011,7.09532987091768e-06,-4.317952092467e-09
696,0.0130272037794228,-0.000461994272141408,3.76272928810401e-05,-1.17718925278719e-08
697,0.0170709217999295,-0.00063165254776986,3.07500628516563e-07,-2.38322328360839e-09
698,0.00719950443374419,-0.000360264580389623,2.93938904931506e-05,-8.9933731400024e-09
699,0.0103618351130887,-0.000402519374780057,2.54125515011131e-05,-7.56891049447861e-09
700,0.0258236932008473,-0.000773891490916161,-1.7364356390949e-06,-7.1748524708965e-10
701,0.00824237627811757,-0.000491303624164277,2.56885320618988e-05,-6.00944948177502e-09
702,0.00957806821352239,-0.00037369014413212,2.45318850042053e-05,-4.17530585879893e-09
703,0.0116668390004897,-0.000509445503074154,1.92713173169816e-05,-6.20674271051284e-09
704,0.0134784870183887,-0.000482659417951157,3.63492849338079e-05,-1.20538511743567e-08
705,0.00856918159980131,-0.000388803870647305,1.2888324410998e-05,-3.62681127474879e-09
706,0.0169421341785166,-0.000546343371969529,4.1598707531118e-06,-2.41873048427195e-09
707,0.0200025130390281,-0.000707160092146978,1.87201972543526e-05,-8.5972106478638e-09
708,0.0100551685747534,-0.000392936848919246,1.91081858780137e-05,-5.85256814300984e-09
709,0.00967312621520395,-0.00047262205671047,2.29942752043345e-05,-7.4746271544394e-09
710,0.0132721206040018,-0.000516906598572502,9.91902076238327e-06,-3.43467700085641e-09
711,0.0114752397134897,-0.000431814050901635,1.89928066324105e-05,-5.47967429677896e-09
712,0.015816860394228,-0.000570871379800901,7.79989982963369e-06,-3.52367388645727e-09
713,0.0106715163032589,-0.000445557770618824,1.36365895999419e-05,-5.95993257867932e-09
714,0.0169587935392106,-0.000663143084461612,8.29371869474611e-06,-2.58580004588602e-09
715,0.0132572648919242,-0.000532598799607186,1.55836116830498e-05,-5.60285190055778e-09
716,0.0160233571380246,-0.000484668570825652,1.07842116178065e-05,-3.24672953218073e-09
717,0.0128138792364087,-0.000451120212199355,1.5787585795363e-05,-5.41135171475624e-09
718,0.00931606575206341,-0.000331374987489939,-3.6188322258023e-06,-6.2823226760151e-10
719,0.0191615238647076,-0.00058552449875188,2.48961283781361e-05,-8.16280514294398e-09
720,0.0225906695357857,-0.000640522560570861,2.79846107101046e-06,-2.49598926699867e-09
721,0.0120772021535589,-0.00049800480539964,8.19084891971634e-06,-4.03191182081037e-09
722,0.016956351310848,-0.000540855630702102,3.49093959529265e-05,-1.0681460926548e-08
723,0.0135615940606172,-0.000485074975731421,1.1464575846489e-05,-3.37516108164919e-09
724,0.0167760060423455,-0.000457360588682775,1.41936752035705e-05,-4.35337106763722e-09
725,0.0155410006895763,-0.000614452079075396,2.18774405649737e-05,-6.78642895727743e-09
726,0.0176391360806398,-0.000642510548153207,1.64127056983825e-05,-4.96162786432213e-09
727,0.013611208589323,-0.000542243804955599,6.05784542687587e-06,-3.20414096899718e-09
728,0.0167782228591968,-0.000688722180301371,2.84223989984719e-05,-7.54444755585048e-09
729,0.0104847655324214,-0.000452670552920438,1.97199729162071e-05,-5.14242810823168e-09
730,0.0191031145521225,-0.000698074271683795,2.85278420429815e-05,-8.07273381850803e-09
731,0.0150563075539145,-0.000530079997788824,1.63395245419687e-05,-6.01315453676256e-09
732,0.00928257543316978,-0.000343068057185114,1.60599165165649e-05,-4.47689963962321e-09
733,0.0195557061369691,-0.000647992260124718,1.04116575707735e-05,-3.58964643806658e-09
734,0.00925276496534192,-0.00048898166788935,2.309760472155e-05,-8.02512473994542e-09
735,0.0134715998859224,-0.000504331239689714,3.32260387314241e-05,-1.15050735925833e-08
736,0.0183889841404505,-0.00062694558062319,1.33318983424232e-05,-5.24118618900924e-09
737,0.0162138050660707,-0.000626201736149643,2.11019331681003e-05,-4.75442643203088e-09
738,0.00625413974425007,-0.000447991416681345,2.56365977464833e-05,-7.64289058982664e-09
739,0.0147013580391284,-0.000477117847600188,6.53116833122667e-07,-2.36673650970334e-09
740,0.0154855903892289,-0.000450582768013173,2.04534360018154e-05,-5.33714150047273e-09
741,0.0119298370941113,-0.000463593621802599,3.20322958015358e-05,-1.05902137731417e-08
742,0.0131640807899646,-0.000373046991402439,2.07605046545117e-05,-6.55942167556659e-09
743,0.00995953332164596,-0.000437834184150968,3.45960781723742e-05,-7.83512742077809e-09
744,0.00597720635246496,-0.000333056043449603,3.74543376075231e-05,-1.11189831523256e-08
745,0.00930248129965967,-0.000390163215377135,2.23154230238258e-05,-8.82237907037906e-09
746,0.0108469343482011,-0.000410461170238985,1.6016719785138e-05,-6.02840773071647e-09
747,0.0112241846236371,-0.000386461286926076,2.27661955939225e-05,-6.98808361314636e-09
748,0.0106351216614379,-0.000356015335648994,1.94183441181535e-05,-7.1289848321031e-09
749,0.0106088900822406,-0.00049537421019212,1.65981327623794e-05,-3.81903795951943e-09
750,0.0219705223290282,-0.000707393738048142,5.74268770172047e-06,-1.56865923072311e-09
751,0.00637602771655343,-0.000320769019296386,1.18462097763557e-05,-2.87329084821926e-09
752,0.0078419649600841,-0.000266631566800609,1.62399470493796e-05,-5.88169314524858e-09
753,0.00858238483772414,-0.00044511604027555,4.4858031426846e-06,-2.7084848272125e-09
754,0.00867229388109552,-0.000319430111267628,7.87116608164736e-06,-3.48944929258765e-09
755,0.0107972081315959,-0.000375450209860918,2.84216746192638e-05,-9.69911470553886e-09
756,0.0122667229641677,-0.000475017072805829,2.1764313480136e-05,-6.89954121382505e-09
757,0.0123695611644563,-0.000509501789139945,2.10710997768846e-05,-5.80211843484938e-09
758,0.0109920124107792,-0.000389061123759689,2.80454708798734e-05,-8.58092404668894e-09
759,0.0148631405988306,-0.000632975552804106,1.04336618264684e-05,-1.48580138379819e-09
760,0.0194155021959056,-0.000688962811202167,1.29224053694504e-05,-4.7252647851813e-09
761,0.0151317619460296,-0.000399269812759714,1.3502229901678e-05,-5.14222731390836e-09
762,0.0110221118136409,-0.000339354151010372,1.02755300122296e-05,-3.49450000945848e-09
763,0.00706950366227962,-0.00036739176724457,1.41910997409353e-05,-4.85667837026035e-09
764,0.0123836940949678,-0.000438117834579377,2.11285786412474e-05,-6.08339384688422e-09
765,0.00819377863263866,-0.000423520644731944,1.83869586938583e-05,-8.1870233377544e-09
766,0.0129102603480042,-0.000445379092579697,-3.39652692985061e-06,-1.09935771656517e-09
767,0.0152330529500982,-0.000640262277079193,8.69489588988694e-06,-4.25576752267362e-09
768,0.0141066035120735,-0.000419199258457651,4.16290203939419e-06,-4.17445544159222e-09
769,0.00723072335688509,-0.000294494410229797,1.53662168226103e-05,-2.38746755621242e-09
770,0.00773162954184819,-0.000288116698147774,1.82808309346513e-05,-5.73960240414224e-09
771,0.0140151725060577,-0.000426012934228363,2.53971506797513e-05,-7.00973642946695e-09
772,0.0158720181527096,-0.00062698538299824,5.41377958780725e-06,-2.87016431226712e-09
773,0.0148587900858037,-0.000590957512144835,5.70979468806361e-06,-1.30254491825477e-10
774,0.0190236490795301,-0.000623926086005274,2.00773206302508e-05,-5.34258959045745e-09
775,0.0155222713392578,-0.000589544719630935,2.40690468441818e-05,-4.66485967502092e-09
776,0.0151147888154628,-0.00054816254103796,1.51865721586535e-05,-5.46991909356223e-09
777,0.015591531566544,-0.000556336769994043,2.5827121649545e-05,-9.52377380651223e-09
778,0.0140612755267672,-0.000407930174531199,3.46320968084918e-06,-2.57058909448923e-09
779,0.0103336240857029,-0.000500954062620879,6.14768329695352e-06,-3.68640351777252e-09
780,0.0134489495996533,-0.000576834147502089,1.94981555629287e-05,-6.50305374005934e-09
781,0.00558239967863411,-0.000364477095216872,1.36267222421232e-05,-4.80579603236214e-09
782,0.014232813915252,-0.000520996283684491,1.55985659615721e-05,-5.25970198719875e-09
783,0.0155042614663078,-0.000501865460263795,1.35737615351048e-05,-3.5883816700707e-09
784,0.015127980559451,-0.000541142798675573,6.9881492941694e-06,-3.28880570931332e-09
785,0.017157237679158,-0.000490720477456364,2.43043637106884e-05,-7.75748041173418e-09
786,0.00912509999090733,-0.000324130635992978,1.90099985854583e-05,-5.77742546604429e-09
787,0.0147049793331901,-0.000477947906993792,3.19689194099175e-05,-8.45087300137213e-09
788,0.0186481505657,-0.000530075542716174,2.49861849678424e-05,-8.09600851371625e-09
789,0.0128986078536126,-0.000586476673510009,1.53998753544485e-06,-1.08970630575315e-09
790,0.0128630201335354,-0.000488979936476345,1.32870460408289e-05,-5.62784038653161e-09
791,0.00609657823795888,-0.000249689521085432,8.70785580906808e-06,-3.08947770230581e-09
792,0.0105531904141894,-0.000464389125521011,2.63376309700391e-06,-4.61478835063303e-09
793,0.0108380821270681,-0.000478037409627666,1.08759414721745e-05,-3.59379950328165e-09
794,0.0169732734262776,-0.000578705478585603,1.45785928529899e-05,-5.42547723881875e-09
795,0.0139926169227303,-0.000599043517738855,1.40205966940145e-05,-5.57451827947232e-09
796,0.0136929393034724,-0.000516715312695215,-5.19235930701605e-06,-1.64437618939766e-09
797,0.0146650693351652,-0.000507407937596625,2.77801651519518e-06,-1.22629253745792e-09
798,0.0112040864976194,-0.00039640224813817,-1.26799503432974e-05,1.9227856680463e-09
799,0.00895104695825307,-0.00053081141967958,7.1542576629868e-06,-3.84686176959523e-09
800,0.0112594128833391,-0.000405251367171631,1.49267060791171e-06,3.88160196485532e-10
801,0.01137659681062,-0.000380672280748987,1.17779892159151e-05,-4.32529007763571e-09
802,0.00739665902544412,-0.000272115293110685,1.89704707818004e-05,-6.74764110844255e-09
803,0.0142034040790288,-0.000544229311019193,1.6080384244898e-05,-5.50523336201785e-09
804,0.0143130073633215,-0.000577170765990515,1.73442671290278e-05,-4.41700373953319e-09
805,0.0164322110155803,-0.000503944657901521,1.53010971975349e-05,-3.93003385256048e-09
806,0.0132700672679279,-0.000513472259406021,1.13205808829942e-06,-1.49852078555561e-09
807,0.0145346992467042,-0.000598525802463893,1.47800983331604e-05,-6.66485729225169e-09
808,0.0205950970506893,-0.000714927895561321,1.64719012037403e-05,-5.47421177708433e-09
809,0.0101657500019265,-0.000492473871762352,1.19167962237751e-05,-4.95700659810449e-09
810,0.0102038777716073,-0.000282208979426347,2.06178938992846e-05,-5.01059031802181e-09
811,0.0136484678743024,-0.000512255922615808,9.92422182688939e-06,-4.30153977755268e-09
812,0.0107937770955136,-0.00050872098599275,1.04134341372429e-05,-3.44068580409504e-09
813,0.00767979404525237,-0.000361647151170517,1.9613801642554e-05,-6.81918950292305e-09
814,0.024456607374805,-0.000629826669870654,9.77775253247454e-06,-5.21175848948212e-09
815,0.0190489683189,-0.000726445923796831,9.86531082042983e-06,-2.43186330487411e-09
816,0.0112019758611757,-0.000405695345567424,6.46671967875324e-06,-2.5689403186733e-09
817,0.0159313944863095,-0.000637415468490407,1.25555863678688e-05,-4.06641154885749e-09
818,0.0169848085815934,-0.00058084685824372,4.40804851311018e-06,-1.95770438720376e-09
819,0.0100200978548671,-0.000453517121976334,2.5438084772115e-05,-7.02810940587894e-09
820,0.0106910418316743,-0.000365265826575477,7.60155240697909e-06,-4.34659409733456e-09
821,0.0122701830174352,-0.000468698776558981,1.51824215217609e-05,-5.2062174267181e-09
822,0.0131321578436735,-0.000475428947313011,2.44186647669553e-05,-6.96820804669038e-09
823,0.0099095745542562,-0.000438814768994357,1.51437913978862e-05,-3.29490695375432e-09
824,0.00621919729547428,-0.000283196374544094,2.05349501752723e-05,-6.34364239539649e-09
825,0.0170554140208137,-0.000604946310404346,1.5995912172992e-05,-5.5851088849679e-09
826,0.0186567093429876,-0.000705913329233948,1.66555518382129e-05,-5.31910827414765e-09
827,0.0122964307817352,-0.00046238818877894,1.00078449531713e-05,-4.55337157607477e-09
828,0.0221283704036525,-0.000698532760878032,1.8007001352213e-05,-5.26183885586314e-09
829,0.00988807677066376,-0.000447774551372296,2.44201343707296e-05,-7.13156509984018e-09
830,0.0102893403421343,-0.000402404729259601,1.59335185089687e-05,-5.4746341130768e-09
831,0.0233895350845967,-0.000750967406277687,5.54690934518227e-06,-4.46466209620762e-09
832,0.0102545395580483,-0.000392874592358224,1.68739497620325e-05,-5.70501780010254e-09
833,0.0164423015852838,-0.000671892812656465,1.57454893448201e-05,-4.51098280381424e-09
834,0.0141510976111338,-0.000484915354792096,3.74232759086255e-06,-3.79915286762609e-09
835,0.0135892485205685,-0.000631179572715231,2.5662627578104e-05,-8.43320099877988e-09
836,0.0113860251412855,-0.000403830139931384,1.12862758826177e-05,-3.89545110514292e-09
837,0.0146611945776712,-0.000559669002713255,-5.1686426691935e-07,-7.01717038512508e-10
838,0.0150552357271868,-0.000625761040780897,6.08948091809298e-06,-2.14118967972848e-09
839,0.0101913031840029,-0.00038608877602323,2.59057906306567e-05,-7.08193238955161e-09
840,0.013511169696657,-0.000427721729230584,7.74788905534892e-06,-3.7204883088642e-09
841,0.00822563522632334,-0.000389164635561614,1.66373606312903e-05,-7.16648583163052e-09
842,0.00776618134590389,-0.000385263746877983,1.47650245569676e-05,-6.05175245758003e-09
843,0.0131123982464796,-0.000567862574987674,6.59045351921353e-06,-2.94327644582899e-09
844,0.00521019589686646,-0.000196211939088897,1.40767133161465e-05,-5.09996288967942e-09
845,0.0122242952048645,-0.000457593716699612,1.59056103891015e-05,-6.36664859658292e-09
846,0.00589597046819559,-0.000296652014602801,5.90526453239622e-05,-1.56769006000368e-08
847,0.0102858272000687,-0.000482437703381633,1.5350890254032e-05,-7.18166530548391e-09
848,0.0160262119650018,-0.000751328210179653,-1.17045070413591e-06,-3.37847111920077e-09
849,0.0086175286699078,-0.000406169291596637,1.68479812362277e-05,-5.43567818388637e-09
850,0.0112834191522338,-0.00056067455111062,1.64100185139717e-05,-4.90737133048099e-09
851,0.0142937457218951,-0.000555712973756379,-3.12276850411514e-06,-1.08490015603658e-09
852,0.0180029225560951,-0.000731588567408944,1.52971312369637e-05,-4.59421682887218e-09
853,0.0118573673415645,-0.000501281336671217,2.11486727633249e-05,-7.56984247072034e-09
854,0.0133171915421075,-0.000478536527527266,1.34165448338025e-05,-5.45358025226746e-09
855,0.00977330074996735,-0.000470000952326629,8.471747972668e-06,-3.99465788630646e-09
856,0.0138244054291621,-0.000537739734275738,1.62328910163654e-05,-6.21310458682534e-09
857,0.0139326229681913,-0.000615161507560629,4.01644914815459e-05,-1.18918570780868e-08
858,0.0105941704042819,-0.000486660076525283,1.41687880927101e-05,-5.17922792183121e-09
859,0.0139041568666469,-0.000566000878757711,1.8417557084417e-05,-6.12800063352573e-09
860,0.0138524789556007,-0.000516747293439214,-6.74302624447951e-06,-3.48898575260023e-12
861,0.0129911947612554,-0.00038637338492641,5.04092466063731e-06,-2.39893236408791e-09
862,0.0114077480608545,-0.000394593876688764,1.3630882911616e-05,-4.87426345044122e-09
863,0.0161446753144052,-0.000577473517157479,1.45027446422641e-05,-6.00028530870428e-09
864,0.0125526746485402,-0.000557052089844309,1.88675174188985e-05,-4.70057111004929e-09
865,0.00698828294079612,-0.000210485774433998,3.45672799580191e-05,-1.04273009553975e-08
866,0.0130612242599651,-0.000514318454777243,6.12248947820685e-06,-2.31021762515759e-09
867,0.0102832788677553,-0.000473295980736521,1.85407013863706e-05,-6.57638335701889e-09
868,0.0119213371842647,-0.000399347857416209,2.38632978884828e-05,-8.50151874125854e-09
869,0.0160251080765834,-0.000596393042815734,1.47923250822405e-05,-4.72483166400857e-09
870,0.0136712368318076,-0.0004399263067897,1.06186239099299e-05,-3.97164689723162e-09
871,0.00589126679830542,-0.000392900577066983,3.30681438279673e-05,-7.34290975068803e-09
872,0.0254879314706234,-0.000671558300442383,1.98020828382358e-05,-6.77280658486308e-09
873,0.020081909120556,-0.00065884990639643,1.44863208776488e-05,-3.29374186002885e-09
874,0.0116836555231847,-0.000540134513677648,9.73267864392194e-06,-4.2332399196135e-09
875,0.013418340153503,-0.000506276420776992,2.45686873209905e-05,-7.77124439060564e-09
876,0.00623657242483789,-0.000355849635466865,-7.57346814326959e-07,-2.46663148875174e-10
877,0.0101818742292097,-0.000441064420507437,3.02945009145605e-05,-9.04870155171161e-09
878,0.0116958671169526,-0.000537487023523421,2.5789441933732e-05,-7.29373232375446e-09
879,0.00973045189461501,-0.000375980099200951,1.8828764356445e-05,-3.88115808787315e-09
880,0.0167044722024954,-0.000663890572851683,1.16402078793166e-05,-6.55326267497104e-09
881,0.0160985179294113,-0.000552844518598307,3.3435766519149e-05,-9.72313005763153e-09
882,0.00946086440540463,-0.000390143335064179,3.69240942033906e-05,-1.06297778391122e-08
883,0.014578650067614,-0.00050106509321512,1.38233835903855e-05,-4.06971149523458e-09
884,0.0130599090986421,-0.000421003747833985,1.89542979254935e-05,-4.79868940425676e-09
885,0.0208148161271528,-0.000800785947944296,1.57275674782677e-05,-6.52173898412167e-09
886,0.000738793950555316,-0.000264479886313715,2.61700609000473e-05,-7.45429076154522e-09
887,0.00898666731465804,-0.000477762492487008,1.86729067937808e-06,-3.7141142514298e-09
888,0.0192932098849822,-0.000626127757154655,8.89736097987131e-06,-4.18205067297335e-09
889,0.00646426976435115,-0.000280785491923926,1.82144936603022e-05,-5.94352803493062e-09
890,0.011933326969998,-0.000527166798015102,5.01289680316251e-06,-1.80095940388005e-09
891,0.0164191860122937,-0.000579463042369955,4.49970941294834e-06,-1.99195367318012e-09
892,0.0154143802139236,-0.000517056684112348,2.60266542192594e-05,-8.88051620838842e-09
893,0.0125486011145014,-0.000441602827764566,1.27875663641842e-05,-4.40500121123144e-09
894,0.00442505503893429,-0.000247047756692933,2.09742396746267e-05,-5.86871685778043e-09
895,0.00569359693311307,-0.000364727607298688,2.16612573591024e-05,-6.71928784900542e-09
896,0.0122307240419842,-0.00050111144289935,1.34382499126469e-05,-4.62685501766998e-09
897,0.0100722871577291,-0.000322580728628302,1.41868199027079e-05,-6.0875831144329e-09
898,0.00880781282319324,-0.000341951286834224,4.45264213141745e-05,-9.81782292223527e-09
899,0.0159284255633863,-0.000488612446443115,8.11976366853235e-06,-5.10595960377351e-09
900,0.0114317004545673,-0.000378048351437687,2.97728744696839e-05,-7.00768150205175e-09
901,0.00487345984270683,-0.000333612791689775,2.94445297792346e-05,-7.56717162388112e-09
902,0.0123252412158973,-0.000513252013815266,2.10023553295568e-05,-7.15830996898655e-09
903,0.00978507286078912,-0.000420632925889772,1.16893096731925e-05,-2.57135152162e-09
904,0.00385341963798467,-0.000354301484152821,3.43091434300592e-05,-8.98439733797182e-09
905,0.0123081220599572,-0.000455494907418232,4.27801048570175e-06,-1.53997092315881e-09
906,0.0150266508296391,-0.000542904272092385,2.76618489529477e-06,-1.72568968245169e-09
907,0.0111196861708125,-0.000428724595170115,1.00094633588739e-05,-3.8475792285159e-09
908,0.0132062953784852,-0.000498081413548903,2.91069437549466e-05,-7.82415826506656e-09
909,0.0179441170323585,-0.000620218068223679,9.75103170251384e-06,-5.0871588241542e-09
910,0.0154557336624069,-0.000541588930114635,1.29215262148773e-05,-4.46202418048619e-09
911,0.012885804535336,-0.000472671914192858,1.73494511972612e-05,-5.66989844352565e-09
912,0.0160447948077869,-0.000586369678928489,2.31506603005731e-05,-8.29185647738436e-09
913,0.012839471781046,-0.000513527048204105,6.54465630529881e-06,-3.07502821698882e-09
914,0.016473859804445,-0.00058055689847714,1.02036242240418e-05,-1.6185093379595e-09
915,0.0144642035596995,-0.000572642930968002,7.07782033063526e-06,-1.95836568346912e-09
916,0.0123912840344529,-0.000510166679228522,2.08610684802123e-06,-7.3000174630845e-10
917,0.00927542488202424,-0.000273247670083734,3.62310250130031e-06,-2.60349529002243e-09
918,0.0151974327655345,-0.000567168701881508,1.57198512637932e-05,-5.18821476013694e-09
919,0.0101576043694755,-0.000454744969149671,6.80454836919941e-06,-1.72359933387297e-09
920,0.0199224167526983,-0.000614468655954504,2.06380406775369e-05,-7.16987733025939e-09
921,0.017085984018597,-0.000689653083051594,7.28750255658592e-06,-3.87069028194407e-09
922,0.0136021244299315,-0.000453188881191749,5.413776433413e-06,-3.60469625025495e-09
923,0.0118529307649327,-0.000378902366220239,9.95779007755376e-06,-2.84385109240805e-09
924,0.0184903970765095,-0.000650443107925965,1.60244774335547e-05,-4.28410599025098e-09
925,0.00629889584296631,-0.000334427727417503,1.66036256849539e-05,-4.62644948767027e-09
926,0.0235992149762957,-0.000763443597941843,2.02623114942779e-05,-8.16092679088539e-09
927,0.017320290774879,-0.000662840598762181,4.3401875427729e-06,-2.65357154557962e-09
928,0.0176821258321929,-0.000598448924270317,-4.07085476682621e-07,-1.85508785149255e-09
929,0.00658696229193997,-0.000276427378579195,9.17279459004106e-06,-2.36220449896319e-09
930,0.0153359796880363,-0.000494930646855131,2.38582488756642e-05,-7.7273307589388e-09
931,0.0132484017703287,-0.000530552850651476,3.05542202730697e-05,-8.06800437847958e-09
932,0.0158062161978233,-0.000540907342867183,-1.95143887813182e-06,-3.57375413613696e-09
933,0.0118700057436603,-0.000445801212952622,2.04493116820417e-05,-7.61179734742958e-09
934,0.0146786643396545,-0.000614433708790262,2.67922286318484e-05,-6.59011494319167e-09
935,0.0103891416385078,-0.000411912957509475,2.85187060123421e-05,-6.9497368554514e-09
936,0.0134272804425472,-0.000527909333699678,4.29941200067113e-05,-1.19203594172337e-08
937,0.011891246525632,-0.000442064858424877,1.40714057073343e-05,-3.73822312281102e-09
938,0.013513713740149,-0.000543315182357077,2.17312282873609e-05,-6.11507950558636e-09
939,0.0103661559130899,-0.000406288975998306,2.14057092913325e-05,-6.89348365002109e-09
940,0.0134724121748217,-0.000555569618792261,2.71203765808291e-05,-8.57785248984769e-09
941,0.0105749788411259,-0.000415708348396001,1.98538527028858e-05,-6.6120402770559e-09
942,0.0105981152890876,-0.000377751958092978,6.81872183433255e-06,-2.24370698836995e-09
943,0.00911068542988178,-0.000410344935773891,1.76328037301971e-05,-4.93167081602592e-09
944,0.0195592925511209,-0.000787293391029287,1.56167078019658e-06,-1.68090129010768e-09
945,0.00973562120647684,-0.000410940536340121,4.72285040602313e-06,-2.17117917940533e-09
946,0.0152428690182814,-0.00059088122757056,2.86513924990116e-05,-7.78704982152531e-09
947,0.0275920592870612,-0.000874269986620893,2.75765250560567e-05,-9.01363997691875e-09
948,0.0166950705551226,-0.000585362412878821,1.19334134459517e-05,-5.08550506801595e-09
949,0.0125098012347181,-0.000455097314620055,2.12365984298251e-05,-7.96319626264098e-09
950,0.0186538203070985,-0.000540485307441988,1.48210864524294e-05,-4.69811636850769e-09
951,0.00787887673283919,-0.000338938298547707,6.57327175574429e-06,-4.5502071879564e-09
952,0.0206143401635435,-0.000545107246696733,-4.42953813024658e-06,-2.1663887601565e-09
953,0.0132584549186657,-0.00059506329422865,1.76312840005757e-05,-5.88558316686904e-09
954,0.0148407620172677,-0.000329051139720123,3.04032790100188e-06,-2.05618008967382e-09
955,0.0118757358216864,-0.000565302064040122,2.12606600994037e-05,-7.68974960978062e-09
956,0.0124205243983937,-0.000474827023447328,2.42310800917849e-05,-7.80408699463516e-09
957,0.00859310790819607,-0.000419146559809355,2.69189065873199e-05,-6.66447207180142e-09
958,0.0171460386400158,-0.000474700159020636,1.3445509977744e-05,-5.59351883054904e-09
959,0.012938300492812,-0.000514259302425849,2.37778696186407e-05,-5.80796716958259e-09
960,0.0122325201833576,-0.000366568240446101,2.11360440177113e-05,-7.90505156087017e-09
961,0.0174438727436409,-0.000653445545940006,1.64142356197626e-06,-1.40320558034525e-09
962,0.0199491979291423,-0.000648023776195464,1.7479063717019e-05,-3.28963796816485e-09
963,0.0108287896763178,-0.000436489547443347,5.96005424202363e-06,-2.53557361280869e-09
964,0.0125623901818958,-0.000410887798692128,1.13612966131775e-05,-3.32036690559002e-09
965,0.0108685492302177,-0.000423637582827813,3.17869866184687e-05,-8.90456513500902e-09
966,0.00710302426000651,-0.000374696943677073,1.05110866039968e-05,-4.34106999267602e-09
967,0.0143083905074594,-0.000519050545189865,2.19259883098206e-05,-7.42634537182031e-09
968,0.015272487883079,-0.000530397977945815,1.27006517778389e-05,-5.22662173840747e-09
969,0.0150158913713779,-0.000511281671749177,1.61106182268786e-05,-4.24232993071228e-09
970,0.00996780331582574,-0.000406041762508251,-6.10151961480127e-06,-8.69715280948112e-10
971,0.0112908684034837,-0.000313634936848534,4.82742584123098e-09,-2.19054547161954e-09
972,0.0132697253688224,-0.000616217898457717,1.99298565837105e-05,-5.15541568433185e-09
973,0.0144062680994354,-0.000534195638390057,-6.46962223417585e-06,1.09429848194318e-09
974,0.0169381585078692,-0.000554374107499769,2.42246610690296e-06,-1.99235263891627e-09
975,0.0157827305509161,-0.000612347975231948,2.68942088446606e-06,-2.67457177177164e-09
976,0.0174151942732829,-0.000547930773054148,2.68600136968019e-05,-4.89679540252849e-09
977,0.00908351380388093,-0.000381023683902367,1.70251883964645e-05,-4.08788549604479e-09
978,0.0193399797854953,-0.000751816592899517,8.81442003877973e-06,-3.85603114138544e-09
979,0.013200161131602,-0.000413175222426609,2.58299974581165e-05,-7.899655554795e-09
980,0.0150766320082624,-0.000648038006392018,2.38754762920525e-05,-6.81891473351257e-09
981,0.0244622760933198,-0.00073788423193034,6.9760522413168e-06,-3.93411978496478e-09
982,0.0152603043073661,-0.000544796386504459,2.95723517857164e-05,-6.66233413553825e-09
983,0.0108762688814586,-0.000495457758334341,3.37154632784616e-05,-9.23672459274229e-09
984,0.00991223858360781,-0.000471955332030658,1.28503131401663e-05,-4.81250073708115e-09
985,0.0166637085522983,-0.000568531283415741,3.77870405893106e-05,-1.06934462753064e-08
986,0.0149867606499939,-0.000495416817768243,1.24565199240029e-06,-2.82668870288091e-09
987,0.013604931861039,-0.000512325069840584,-1.14938793217165e-05,8.48176072772159e-10
988,0.0131588852798074,-0.000511167444388799,1.63586202302921e-05,-4.63598513257791e-09
989,0.00999048494200429,-0.000414141903278727,1.39774911238282e-05,-3.50614001004977e-09
990,0.00816675758320566,-0.000426538914217547,2.44113817720684e-05,-6.59288727688854e-09
991,0.0130016542506425,-0.000686518265296075,1.27485417197069e-05,-3.62932932937489e-09
992,0.0189751511666723,-0.000578663360773158,1.11422887544844e-05,-3.46588118587558e-09
993,0.0175807455300664,-0.000631937428638309,2.84361072733319e-06,-1.20649302284499e-09
994,0.0125650864917365,-0.000517471071854061,1.9255708464683e-05,-3.83270838383369e-09
995,0.00587097884271493,-0.000238704858022052,1.95703847211713e-05,-7.90792999783445e-09
996,0.00522058252882882,-0.000315127333956991,1.54746429274694e-05,-4.0639610859836e-09
997,0.0105997465505989,-0.00047214808901579,1.17674490093827e-05,-4.33849614957264e-09
998,0.0126706065865178,-0.000529493640379604,1.05164434398205e-05,-3.37742383361873e-09
999,0.00577856962045882,-0.000349109343670397,7.70471209661535e-06,-1.15982966315436e-09
1000,0.013671174419833,-0.000508122372489715,7.20562534403853e-06,-2.64084150992288e-09
